xyzDMxyzCountry,xyzDMxyzRequestYear,xyzDPxyzsi_pov_nahc,xyzDMxyzFootnote,ymax
AFG,2007,33.7,0,2019
AFG,2011,38.3,0,2019
AFG,2016,54.5,0,2019
AFG,2019,47.1,0,2019
AGO,2008,36.6,1,2018
AGO,2018,32.3,2,2018
ALB,2002,25.4,0,2022
ALB,2005,18.5,0,2022
ALB,2016,23.7,0,2022
ALB,2017,23.4,0,2022
ALB,2018,23,0,2022
ALB,2019,21.8,0,2022
ALB,2020,22,0,2022
ALB,2021,20.6,0,2022
ALB,2022,19.7,0,2022
ARG,2016,30.3,0,2024
ARG,2017,25.7,0,2024
ARG,2018,32,0,2024
ARG,2019,35.5,0,2024
ARG,2020,42,0,2024
ARG,2021,37.3,0,2024
ARG,2022,39.2,0,2024
ARG,2023,41.7,0,2024
ARG,2024,38.1,0,2024
ARM,2004,53.5,0,2024
ARM,2005,40.1,0,2024
ARM,2006,30.2,0,2024
ARM,2007,26.4,0,2024
ARM,2008,27.6,0,2024
ARM,2009,34.1,0,2024
ARM,2010,35.8,0,2024
ARM,2011,35,0,2024
ARM,2012,32.4,0,2024
ARM,2013,32,0,2024
ARM,2014,30,0,2024
ARM,2015,29.8,0,2024
ARM,2016,29.4,0,2024
ARM,2017,25.7,0,2024
ARM,2018,23.5,0,2024
ARM,2019,26.4,1,2024
ARM,2020,27,1,2024
ARM,2021,26.5,1,2024
ARM,2022,24.8,1,2024
ARM,2023,23.7,1,2024
ARM,2024,21.7,2,2024
AUT,1994,13,0,2021
AUT,1995,14,0,2021
AUT,1996,13,0,2021
AUT,1997,13,0,2021
AUT,1998,12,0,2021
AUT,1999,12,0,2021
AUT,2000,12,0,2021
AUT,2002,13.2,1,2021
AUT,2003,13,1,2021
AUT,2004,12.6,1,2021
AUT,2005,12.6,1,2021
AUT,2006,12,1,2021
AUT,2007,15.2,1,2021
AUT,2008,14.5,1,2021
AUT,2009,14.7,1,2021
AUT,2010,14.5,1,2021
AUT,2011,14.4,1,2021
AUT,2012,14.4,1,2021
AUT,2013,14.1,1,2021
AUT,2014,13.9,1,2021
AUT,2015,14.1,1,2021
AUT,2016,14.4,1,2021
AUT,2017,14.3,1,2021
AUT,2018,13.3,1,2021
AUT,2019,13.9,1,2021
AUT,2020,14.7,1,2021
AUT,2021,14.8,1,2021
AZE,2001,49.6,0,2012
AZE,2007,15.8,0,2012
AZE,2008,13.2,0,2012
AZE,2009,10.9,0,2012
AZE,2010,9.1,0,2012
AZE,2011,7.6,0,2012
AZE,2012,6,0,2012
BDI,2006,67.1,1,2020
BDI,2013,64.9,2,2020
BDI,2020,51,3,2020
BEL,1994,16,0,2022
BEL,1995,15,0,2022
BEL,1996,14,0,2022
BEL,1997,14,0,2022
BEL,1998,13,0,2022
BEL,1999,13,0,2022
BEL,2000,13,0,2022
BEL,2002,15.4,1,2022
BEL,2003,14.3,1,2022
BEL,2004,14.8,1,2022
BEL,2005,14.7,1,2022
BEL,2006,15.2,1,2022
BEL,2007,14.7,1,2022
BEL,2008,14.6,1,2022
BEL,2009,14.6,1,2022
BEL,2010,15.3,1,2022
BEL,2011,15.3,1,2022
BEL,2012,15.1,1,2022
BEL,2013,15.5,1,2022
BEL,2014,14.9,1,2022
BEL,2015,15.5,1,2022
BEL,2016,15.9,1,2022
BEL,2017,16.4,1,2022
BEL,2018,14.8,2,2022
BEL,2019,14.1,2,2022
BEL,2020,12.7,2,2022
BEL,2021,13.2,2,2022
BEL,2022,12.3,2,2022
BEN,2006,37.5,0,2026
BEN,2007,33,0,2026
BEN,2010,35.2,0,2026
BEN,2011,36.2,0,2026
BEN,2015,40.1,0,2026
BEN,2019,38.5,0,2026
BEN,2021,36.2,1,2026
BEN,2022,34.5,1,2026
BEN,2023,33.3,1,2026
BEN,2024,31.3,1,2026
BEN,2025,28.8,1,2026
BEN,2026,26.5,1,2026
BFA,2003,51.1,0,2021
BFA,2009,46.7,0,2021
BFA,2014,40.1,0,2021
BFA,2018,41.4,1,2021
BFA,2021,43.2,1,2021
BGD,2000,48.9,0,2022
BGD,2005,40,0,2022
BGD,2010,31.5,0,2022
BGD,2016,24.3,0,2022
BGD,2022,18.7,1,2022
BGR,2000,14,0,2023
BGR,2001,16,0,2023
BGR,2002,14,0,2023
BGR,2005,18.4,1,2023
BGR,2006,22,1,2023
BGR,2007,21.4,1,2023
BGR,2008,21.8,1,2023
BGR,2009,20.7,1,2023
BGR,2010,22.2,1,2023
BGR,2011,21.2,1,2023
BGR,2012,21,1,2023
BGR,2013,21.8,1,2023
BGR,2014,22,1,2023
BGR,2015,22.9,2,2023
BGR,2016,23.4,2,2023
BGR,2017,22,2,2023
BGR,2018,22.6,2,2023
BGR,2019,23.8,2,2023
BGR,2020,22.1,2,2023
BGR,2021,22.9,2,2023
BGR,2022,20.6,2,2023
BGR,2023,21.7,2,2023
BIH,2007,18.2,0,2015
BIH,2011,17.9,0,2015
BIH,2015,16.9,0,2015
BLR,2000,41.9,0,2024
BLR,2001,28.9,0,2024
BLR,2002,30.5,0,2024
BLR,2003,27.1,0,2024
BLR,2004,17.8,0,2024
BLR,2005,12.7,0,2024
BLR,2006,11.1,0,2024
BLR,2007,7.7,0,2024
BLR,2008,6.1,0,2024
BLR,2009,5.4,0,2024
BLR,2010,5.2,0,2024
BLR,2011,7.3,0,2024
BLR,2012,6.3,0,2024
BLR,2013,5.5,0,2024
BLR,2014,4.8,0,2024
BLR,2015,5.1,0,2024
BLR,2016,5.7,0,2024
BLR,2017,5.9,0,2024
BLR,2018,5.6,0,2024
BLR,2019,5,0,2024
BLR,2020,4.8,0,2024
BLR,2021,4.1,0,2024
BLR,2022,3.9,0,2024
BLR,2023,3.6,0,2024
BLR,2024,3.5,0,2024
BLZ,2002,34.1,0,2018
BLZ,2009,41.3,0,2018
BLZ,2018,52,0,2018
BOL,2000,66.4,0,2024
BOL,2001,63.1,0,2024
BOL,2002,63.3,0,2024
BOL,2004,63.1,1,2024
BOL,2005,60.6,2,2024
BOL,2006,59.9,2,2024
BOL,2007,60.1,2,2024
BOL,2008,57.3,2,2024
BOL,2009,51.3,2,2024
BOL,2011,45.1,2,2024
BOL,2012,43.3,2,2024
BOL,2013,38.9,2,2024
BOL,2014,39.1,2,2024
BOL,2015,38.6,2,2024
BOL,2016,43,3,2024
BOL,2017,42.2,3,2024
BOL,2018,39.9,3,2024
BOL,2019,37.2,3,2024
BOL,2020,39,3,2024
BOL,2021,36.4,3,2024
BOL,2022,37.7,3,2024
BOL,2023,36.5,3,2024
BOL,2024,37.6,3,2024
BRB,2016,25.7,0,2016
BTN,2007,23.2,0,2022
BTN,2012,12,0,2022
BTN,2017,8.2,0,2022
BTN,2022,12.4,1,2022
BWA,2002,30.6,0,2015
BWA,2009,19.3,0,2015
BWA,2015,16.1,0,2015
CAF,2008,62,0,2021
CAF,2021,68.8,1,2021
CHE,2006,15,0,2021
CHE,2007,15.7,0,2021
CHE,2008,15.6,0,2021
CHE,2009,15,0,2021
CHE,2010,15,0,2021
CHE,2011,15.9,0,2021
CHE,2012,14.5,0,2021
CHE,2013,13.8,0,2021
CHE,2014,15.6,0,2021
CHE,2015,14.7,0,2021
CHE,2016,15.5,0,2021
CHE,2017,14.6,0,2021
CHE,2018,16,0,2021
CHE,2019,15.5,0,2021
CHE,2020,14.7,0,2021
CHE,2021,15.8,0,2021
CHL,2000,36,0,2022
CHL,2003,35.4,0,2022
CHL,2006,28.7,0,2022
CHL,2009,24.8,0,2022
CHL,2011,21.7,0,2022
CHL,2013,13.9,0,2022
CHL,2015,11.2,0,2022
CHL,2017,8.5,0,2022
CHL,2020,10.7,0,2022
CHL,2022,6.5,0,2022
CHN,2000,49.8,0,2020
CHN,2005,30.2,0,2020
CHN,2010,17.2,0,2020
CHN,2011,12.7,0,2020
CHN,2012,10.2,0,2020
CHN,2013,8.5,0,2020
CHN,2014,7.2,0,2020
CHN,2015,5.7,0,2020
CHN,2016,4.5,0,2020
CHN,2017,3.1,0,2020
CHN,2018,1.7,0,2020
CHN,2019,0.6,0,2020
CHN,2020,0,0,2020
CIV,2002,38.4,1,2021
CIV,2008,48.9,2,2021
CIV,2015,44.4,3,2021
CIV,2018,39.5,3,2021
CIV,2021,37.5,3,2021
CMR,2001,40.2,1,2021
CMR,2007,39.9,1,2021
CMR,2014,37.5,1,2021
CMR,2021,37.7,2,2021
COD,2004,69.3,0,2020
COD,2012,63.9,0,2020
COD,2020,56.2,1,2020
COG,2005,50.7,0,2011
COG,2011,40.9,0,2011
COL,2002,49.7,0,2024
COL,2003,48,0,2024
COL,2004,47.4,0,2024
COL,2005,45,0,2024
COL,2008,42,0,2024
COL,2009,40.3,0,2024
COL,2010,37.2,0,2024
COL,2011,34.1,0,2024
COL,2012,41,1,2024
COL,2013,38.7,1,2024
COL,2014,37,1,2024
COL,2015,36.8,1,2024
COL,2016,36.8,1,2024
COL,2017,35.9,1,2024
COL,2018,35.5,1,2024
COL,2019,36.5,1,2024
COL,2020,43.1,1,2024
COL,2021,39.7,1,2024
COL,2022,36.6,1,2024
COL,2023,34.6,1,2024
COL,2024,31.8,1,2024
COM,2004,44.8,0,2024
COM,2013,42.4,1,2013
COM,2014,42.4,1,2024
CPV,2001,56.8,1,2023
CPV,2007,45.4,1,2023
CPV,2015,35.2,1,2023
CPV,2023,24.8,1,2023
CRI,2010,24.2,0,2025
CRI,2011,24.8,0,2025
CRI,2012,23.5,0,2025
CRI,2013,23.3,0,2025
CRI,2014,24.6,0,2025
CRI,2015,23.6,0,2025
CRI,2016,22.9,0,2025
CRI,2017,22.1,0,2025
CRI,2018,22.9,0,2025
CRI,2019,23.9,0,2025
CRI,2020,30,0,2025
CRI,2021,26.2,0,2025
CRI,2022,25.5,0,2025
CRI,2023,24.4,0,2025
CRI,2024,20.3,0,2025
CRI,2025,17.1,0,2025
CYP,2004,16.1,0,2021
CYP,2005,15.6,0,2021
CYP,2006,15.5,0,2021
CYP,2007,15.9,0,2021
CYP,2008,15.8,0,2021
CYP,2009,15.6,0,2021
CYP,2010,14.8,0,2021
CYP,2011,14.7,0,2021
CYP,2012,15.3,0,2021
CYP,2013,14.4,0,2021
CYP,2014,16.2,0,2021
CYP,2015,16.1,0,2021
CYP,2016,15.7,0,2021
CYP,2017,15.4,0,2021
CYP,2018,14.7,0,2021
CYP,2019,14.3,0,2021
CYP,2020,13.8,0,2021
CYP,2021,13.9,0,2021
CZE,2000,8,0,2021
CZE,2004,10.4,1,2021
CZE,2005,9.9,1,2021
CZE,2006,9.6,1,2021
CZE,2007,9,1,2021
CZE,2008,8.6,1,2021
CZE,2009,9,1,2021
CZE,2010,9.8,1,2021
CZE,2011,9.6,1,2021
CZE,2012,8.6,1,2021
CZE,2013,9.7,1,2021
CZE,2014,9.7,1,2021
CZE,2015,9.7,1,2021
CZE,2016,9.1,1,2021
CZE,2017,9.6,1,2021
CZE,2018,10.1,1,2021
CZE,2019,9.5,1,2021
CZE,2020,8.6,1,2021
CZE,2021,10.2,1,2021
DEU,1994,15,0,2021
DEU,1995,14,0,2021
DEU,1996,12,0,2021
DEU,1997,11,0,2021
DEU,1998,11,0,2021
DEU,1999,10,0,2021
DEU,2000,11,0,2021
DEU,2004,12.2,1,2021
DEU,2005,12.5,1,2021
DEU,2006,15.2,1,2021
DEU,2007,15.2,1,2021
DEU,2008,15.5,1,2021
DEU,2009,15.6,1,2021
DEU,2010,15.8,1,2021
DEU,2011,16.1,1,2021
DEU,2012,16.1,1,2021
DEU,2013,16.7,1,2021
DEU,2014,16.7,1,2021
DEU,2015,16.5,1,2021
DEU,2016,16.1,1,2021
DEU,2017,16,1,2021
DEU,2018,14.8,1,2021
DEU,2019,16.1,2,2021
DEU,2020,16,2,2021
DEU,2021,14.8,2,2021
DJI,2013,23,1,2017
DJI,2017,21.1,2,2017
DNK,1994,10,0,2021
DNK,1996,10,0,2021
DNK,1998,10,0,2021
DNK,2000,10,0,2021
DNK,2002,11.7,1,2021
DNK,2003,10.9,1,2021
DNK,2004,11.8,1,2021
DNK,2005,11.7,1,2021
DNK,2006,11.7,1,2021
DNK,2007,11.8,1,2021
DNK,2008,13.1,1,2021
DNK,2009,13.3,1,2021
DNK,2010,12.1,1,2021
DNK,2011,12,1,2021
DNK,2012,11.9,1,2021
DNK,2013,12.1,1,2021
DNK,2014,12.2,1,2021
DNK,2015,11.9,1,2021
DNK,2016,12.4,1,2021
DNK,2017,12.7,1,2021
DNK,2018,12.5,1,2021
DNK,2019,12.1,2,2021
DNK,2020,12.3,2,2021
DNK,2021,12.4,2,2021
DOM,2000,31.8,0,2025
DOM,2001,32.7,0,2025
DOM,2002,32.4,0,2025
DOM,2003,41.1,0,2025
DOM,2004,49.4,0,2025
DOM,2005,47.2,0,2025
DOM,2006,43.3,0,2025
DOM,2007,42.8,0,2025
DOM,2008,43.2,0,2025
DOM,2009,41.2,0,2025
DOM,2010,40.5,0,2025
DOM,2011,39.3,0,2025
DOM,2012,39.7,0,2025
DOM,2013,39.6,0,2025
DOM,2014,34.8,0,2025
DOM,2015,30.8,0,2025
DOM,2016,34.8,1,2025
DOM,2017,31.2,1,2025
DOM,2018,28.3,1,2025
DOM,2019,25.8,1,2025
DOM,2020,30.4,1,2025
DOM,2021,30.7,1,2025
DOM,2022,27.7,1,2025
DOM,2023,23,1,2025
DOM,2024,19,1,2025
DOM,2025,17.3,1,2025
DZA,2011,5.5,0,2011
ECU,2007,36.7,0,2025
ECU,2008,35.1,0,2025
ECU,2009,36,0,2025
ECU,2010,32.8,0,2025
ECU,2011,28.6,0,2025
ECU,2012,27.3,0,2025
ECU,2013,25.6,0,2025
ECU,2014,22.5,0,2025
ECU,2015,23.3,0,2025
ECU,2016,22.9,0,2025
ECU,2017,21.5,0,2025
ECU,2018,23.2,0,2025
ECU,2019,25,0,2025
ECU,2020,33,0,2025
ECU,2021,27.7,0,2025
ECU,2022,25.2,0,2025
ECU,2023,26,0,2025
ECU,2024,28,0,2025
ECU,2025,21.4,0,2025
EGY,2004,19.6,1,2021
EGY,2008,21.6,2,2021
EGY,2010,25.2,3,2021
EGY,2012,26.3,4,2021
EGY,2015,27.8,5,2021
EGY,2017,32.5,5,2021
EGY,2019,29.7,6,2021
EGY,2021,33.5,7,2021
ESP,1994,19,0,2022
ESP,1995,18,0,2022
ESP,1996,20,0,2022
ESP,1997,18,0,2022
ESP,1998,19,0,2022
ESP,1999,18,0,2022
ESP,2000,19,0,2022
ESP,2001,19,1,2022
ESP,2003,20.1,2,2022
ESP,2004,20.1,2,2022
ESP,2005,20.3,2,2022
ESP,2006,19.7,2,2022
ESP,2007,19.8,2,2022
ESP,2008,20.4,2,2022
ESP,2009,20.7,2,2022
ESP,2010,20.6,2,2022
ESP,2011,20.8,2,2022
ESP,2012,20.4,2,2022
ESP,2013,22.2,2,2022
ESP,2014,22.1,2,2022
ESP,2015,22.3,2,2022
ESP,2016,21.6,2,2022
ESP,2017,21.5,2,2022
ESP,2018,20.7,2,2022
ESP,2019,21,2,2022
ESP,2020,21.7,2,2022
ESP,2021,20.4,2,2022
ESP,2022,20.2,2,2022
EST,1999,18,0,2022
EST,2000,18,0,2022
EST,2001,18,0,2022
EST,2003,20.2,1,2022
EST,2004,18.3,1,2022
EST,2005,18.3,1,2022
EST,2006,19.4,1,2022
EST,2007,19.5,1,2022
EST,2008,19.7,1,2022
EST,2009,15.8,1,2022
EST,2010,17.5,1,2022
EST,2011,17.5,1,2022
EST,2012,18.6,1,2022
EST,2013,21.8,1,2022
EST,2014,21.6,1,2022
EST,2015,21.7,1,2022
EST,2016,21,1,2022
EST,2017,21.9,1,2022
EST,2018,21.7,1,2022
EST,2019,20.7,1,2022
EST,2020,20.6,1,2022
EST,2021,22.8,1,2022
EST,2022,22.5,1,2022
ETH,2004,38.7,0,2021
ETH,2010,29.6,0,2021
ETH,2015,23.5,0,2021
ETH,2021,33.1,0,2021
FIN,1995,8,0,2022
FIN,1996,8,0,2022
FIN,1997,9,0,2022
FIN,1998,11,0,2022
FIN,1999,11,0,2022
FIN,2000,11,1,2022
FIN,2001,11,1,2022
FIN,2003,11,2,2022
FIN,2004,11.7,2,2022
FIN,2005,12.6,2,2022
FIN,2006,13,2,2022
FIN,2007,13.6,2,2022
FIN,2008,13.8,2,2022
FIN,2009,13.1,2,2022
FIN,2010,13.7,2,2022
FIN,2011,13.2,2,2022
FIN,2012,11.8,2,2022
FIN,2013,12.8,2,2022
FIN,2014,12.4,2,2022
FIN,2015,11.6,2,2022
FIN,2016,11.5,2,2022
FIN,2017,12,2,2022
FIN,2018,11.6,2,2022
FIN,2019,12.2,2,2022
FIN,2020,10.8,2,2022
FIN,2021,12.7,2,2022
FIN,2022,12.2,2,2022
FJI,2002,39.8,0,2019
FJI,2008,35.2,0,2019
FJI,2013,34,0,2019
FJI,2019,24.1,1,2019
FRA,1994,15,0,2021
FRA,1995,15,0,2021
FRA,1996,15,0,2021
FRA,1997,15,0,2021
FRA,1998,15,0,2021
FRA,1999,16,0,2021
FRA,2000,13,1,2021
FRA,2001,12,1,2021
FRA,2003,13.5,2,2021
FRA,2004,13,2,2021
FRA,2005,13.2,2,2021
FRA,2006,13.1,2,2021
FRA,2007,12.5,2,2021
FRA,2008,12.9,2,2021
FRA,2009,13.3,2,2021
FRA,2010,14,2,2021
FRA,2011,14.1,2,2021
FRA,2012,13.7,2,2021
FRA,2013,13.3,2,2021
FRA,2014,13.6,2,2021
FRA,2015,13.6,2,2021
FRA,2016,13.2,2,2021
FRA,2017,13.4,2,2021
FRA,2018,13.6,2,2021
FRA,2019,14.2,3,2021
FRA,2020,14.3,3,2021
FRA,2021,15.6,4,2021
FSM,2005,29.9,0,2013
FSM,2013,41.2,1,2013
GAB,2005,32.7,0,2017
GAB,2017,33.4,1,2017
GBR,1994,20,0,2017
GBR,1995,18,0,2017
GBR,1996,18,0,2017
GBR,1997,19,0,2017
GBR,1998,19,0,2017
GBR,1999,19,1,2017
GBR,2000,18,1,2017
GBR,2001,18,1,2017
GBR,2004,19,2,2017
GBR,2005,19,2,2017
GBR,2006,18.6,2,2017
GBR,2007,18.7,2,2017
GBR,2008,17.3,2,2017
GBR,2009,17.1,2,2017
GBR,2010,16.2,2,2017
GBR,2011,16,2,2017
GBR,2012,15.9,2,2017
GBR,2013,16.8,2,2017
GBR,2014,16.6,2,2017
GBR,2015,15.9,2,2017
GBR,2016,17,3,2017
GBR,2017,18.6,3,2017
GEO,2006,36.9,0,2024
GEO,2007,38.8,0,2024
GEO,2008,34.9,0,2024
GEO,2009,34.9,0,2024
GEO,2010,37.3,0,2024
GEO,2011,34.1,0,2024
GEO,2012,30,0,2024
GEO,2013,26.2,0,2024
GEO,2014,23.5,0,2024
GEO,2015,21.6,0,2024
GEO,2016,22,0,2024
GEO,2017,21.9,0,2024
GEO,2018,20.1,0,2024
GEO,2019,19.5,0,2024
GEO,2020,21.3,0,2024
GEO,2021,17.5,0,2024
GEO,2022,15.6,0,2024
GEO,2023,11.8,0,2024
GEO,2024,9.4,0,2024
GHA,2005,31.9,0,2016
GHA,2012,24.2,0,2016
GHA,2016,23.4,0,2016
GIN,2002,55.4,0,2018
GIN,2007,53,0,2018
GIN,2012,55.2,0,2018
GIN,2018,43.7,1,2018
GMB,2010,48.1,1,2020
GMB,2015,48.6,1,2020
GMB,2020,53.4,1,2020
GNB,2002,64.7,0,2021
GNB,2010,48.7,0,2021
GNB,2018,47.7,0,2021
GNB,2021,50.5,0,2021
GNQ,2006,76.8,0,2006
GNQ,2022,50.7,1,2022
GRC,1994,22,0,2021
GRC,1995,21,0,2021
GRC,1996,21,0,2021
GRC,1997,21,0,2021
GRC,1998,21,0,2021
GRC,1999,20,0,2021
GRC,2000,20,0,2021
GRC,2002,20.7,1,2021
GRC,2003,19.9,1,2021
GRC,2004,19.6,1,2021
GRC,2005,20.5,1,2021
GRC,2006,20.3,1,2021
GRC,2007,20.1,1,2021
GRC,2008,19.7,1,2021
GRC,2009,20.1,1,2021
GRC,2010,21.4,1,2021
GRC,2011,23.1,1,2021
GRC,2012,23.1,1,2021
GRC,2013,22.1,1,2021
GRC,2014,21.4,1,2021
GRC,2015,21.2,1,2021
GRC,2016,20.2,1,2021
GRC,2017,18.5,1,2021
GRC,2018,17.9,1,2021
GRC,2019,17.7,1,2021
GRC,2020,19.6,1,2021
GRC,2021,18.8,1,2021
GRD,2018,25,0,2018
GTM,2000,53.7,0,2023
GTM,2006,50.2,0,2023
GTM,2014,59.2,0,2023
GTM,2023,56,1,2023
HND,2001,63.7,1,2025
HND,2002,64.8,1,2025
HND,2003,65.3,1,2025
HND,2004,64.6,1,2025
HND,2005,63.7,1,2025
HND,2006,59.9,1,2025
HND,2007,58.3,1,2025
HND,2008,59.2,1,2025
HND,2009,58.8,1,2025
HND,2010,60,1,2025
HND,2011,61.9,1,2025
HND,2012,66.5,1,2025
HND,2013,64.5,1,2025
HND,2014,62.8,1,2025
HND,2015,63.8,1,2025
HND,2016,60.9,1,2025
HND,2017,64.3,1,2025
HND,2018,61.9,1,2025
HND,2019,59.3,1,2025
HND,2021,73.6,2,2025
HND,2023,64.1,2,2025
HND,2024,62.9,2,2025
HND,2025,60.1,2,2025
HRV,2009,20.6,0,2024
HRV,2010,20.9,0,2024
HRV,2011,20.4,0,2024
HRV,2012,19.5,0,2024
HRV,2013,19.4,0,2024
HRV,2014,20,0,2024
HRV,2015,19.5,0,2024
HRV,2016,20,0,2024
HRV,2017,19.3,0,2024
HRV,2018,18.3,0,2024
HRV,2019,18.3,0,2024
HRV,2020,19.2,0,2024
HRV,2021,18,0,2024
HRV,2022,19.3,0,2024
HRV,2023,20.3,1,2024
HRV,2024,20.3,2,2024
HTI,2012,58.5,0,2012
HUN,1999,11,0,2021
HUN,2000,11,0,2021
HUN,2001,10,0,2021
HUN,2004,13.5,1,2021
HUN,2005,15.9,1,2021
HUN,2006,12.3,1,2021
HUN,2007,12.4,1,2021
HUN,2008,12.4,1,2021
HUN,2009,12.3,1,2021
HUN,2010,14.1,1,2021
HUN,2011,14.3,1,2021
HUN,2012,15,1,2021
HUN,2013,15,1,2021
HUN,2014,14.9,1,2021
HUN,2015,14.5,1,2021
HUN,2016,13.4,1,2021
HUN,2017,12.8,1,2021
HUN,2018,12.3,1,2021
HUN,2019,12.3,1,2021
HUN,2020,12.6,1,2021
HUN,2021,12.1,1,2021
IDN,2000,19.1,0,2024
IDN,2001,18.4,0,2024
IDN,2002,18.2,0,2024
IDN,2003,17.4,0,2024
IDN,2004,16.7,0,2024
IDN,2005,16,0,2024
IDN,2006,17.8,0,2024
IDN,2007,16.6,0,2024
IDN,2008,15.4,0,2024
IDN,2009,14.2,0,2024
IDN,2011,12.5,0,2024
IDN,2012,12,0,2024
IDN,2013,11.4,0,2024
IDN,2014,11.3,0,2024
IDN,2015,11.2,0,2024
IDN,2016,10.9,0,2024
IDN,2017,10.6,0,2024
IDN,2018,9.8,0,2024
IDN,2019,9.4,0,2024
IDN,2020,9.8,0,2024
IDN,2021,10.1,0,2024
IDN,2022,9.5,0,2024
IDN,2023,9.4,0,2024
IDN,2024,9,0,2024
IND,2004,37.2,0,2011
IND,2009,29.8,0,2011
IND,2011,21.9,0,2011
IRL,1994,19,0,2021
IRL,1995,19,0,2021
IRL,1996,19,0,2021
IRL,1997,19,0,2021
IRL,1998,19,0,2021
IRL,1999,20,0,2021
IRL,2000,21,0,2021
IRL,2002,20.5,1,2021
IRL,2003,20.9,1,2021
IRL,2004,19.7,1,2021
IRL,2005,18.5,1,2021
IRL,2006,17.2,1,2021
IRL,2007,15.5,1,2021
IRL,2008,15,1,2021
IRL,2009,15.2,1,2021
IRL,2010,15.2,1,2021
IRL,2011,16.3,1,2021
IRL,2012,15.7,1,2021
IRL,2013,16.8,1,2021
IRL,2014,16.2,1,2021
IRL,2015,16.8,1,2021
IRL,2016,15.6,1,2021
IRL,2017,14.9,1,2021
IRL,2018,13.1,1,2021
IRL,2019,13.8,2,2021
IRL,2020,12.9,2,2021
IRL,2021,14,2,2021
IRQ,2006,22.4,0,2023
IRQ,2012,18.9,0,2023
IRQ,2023,17.5,1,2023
ISL,2003,10,0,2017
ISL,2004,9.7,0,2017
ISL,2005,9.6,0,2017
ISL,2006,10.1,0,2017
ISL,2007,10.1,0,2017
ISL,2008,10.2,0,2017
ISL,2009,9.8,0,2017
ISL,2010,9.2,0,2017
ISL,2011,7.9,0,2017
ISL,2012,9.3,0,2017
ISL,2013,7.9,0,2017
ISL,2014,9.2,0,2017
ISL,2015,8.8,0,2017
ISL,2016,10.1,0,2017
ISL,2017,8.8,0,2017
ITA,1994,20,0,2021
ITA,1995,20,0,2021
ITA,1996,19,0,2021
ITA,1997,18,0,2021
ITA,1998,18,0,2021
ITA,1999,18,0,2021
ITA,2000,19,0,2021
ITA,2003,18.9,1,2021
ITA,2004,19.2,1,2021
ITA,2005,19.3,1,2021
ITA,2006,19.5,1,2021
ITA,2007,18.9,1,2021
ITA,2008,18.4,1,2021
ITA,2009,18.7,1,2021
ITA,2010,19.8,1,2021
ITA,2011,19.5,1,2021
ITA,2012,19.3,1,2021
ITA,2013,19.4,1,2021
ITA,2014,19.9,1,2021
ITA,2015,20.6,1,2021
ITA,2016,20.3,1,2021
ITA,2017,20.3,1,2021
ITA,2018,20.1,1,2021
ITA,2019,20,1,2021
ITA,2020,20.1,1,2021
ITA,2021,20.1,1,2021
JAM,2000,18.7,0,2023
JAM,2001,16.9,0,2023
JAM,2002,19.7,0,2023
JAM,2003,19.1,0,2023
JAM,2004,16.9,0,2023
JAM,2005,14.8,0,2023
JAM,2006,14.3,0,2023
JAM,2007,9.9,0,2023
JAM,2008,12.3,0,2023
JAM,2009,16.5,0,2023
JAM,2010,17.6,0,2023
JAM,2012,19.9,1,2023
JAM,2013,24.6,1,2023
JAM,2014,20,1,2023
JAM,2015,21.2,1,2023
JAM,2016,17.1,1,2023
JAM,2017,19.3,1,2023
JAM,2018,12.7,1,2023
JAM,2019,11,1,2023
JAM,2021,16.7,1,2023
JAM,2023,8.2,1,2023
JOR,2006,13,0,2018
JOR,2008,13.3,0,2018
JOR,2010,14.4,0,2018
JOR,2018,15.7,1,2018
KAZ,2001,46.7,1,2024
KAZ,2002,44.5,1,2024
KAZ,2003,37.5,1,2024
KAZ,2004,33.9,1,2024
KAZ,2005,31.6,1,2024
KAZ,2006,18.2,2,2024
KAZ,2007,12.7,2,2024
KAZ,2008,12.1,2,2024
KAZ,2009,8.2,2,2024
KAZ,2010,6.5,2,2024
KAZ,2011,5.5,2,2024
KAZ,2012,3.8,2,2024
KAZ,2013,2.9,2,2024
KAZ,2014,2.8,2,2024
KAZ,2015,2.7,2,2024
KAZ,2016,2.5,2,2024
KAZ,2017,2.5,2,2024
KAZ,2018,4.3,3,2024
KAZ,2019,4.3,3,2024
KAZ,2020,5.3,3,2024
KAZ,2021,5.2,3,2024
KAZ,2022,5.2,3,2024
KAZ,2023,5.2,3,2024
KAZ,2024,5,3,2024
KEN,2005,46.8,0,2022
KEN,2015,36.1,0,2022
KEN,2020,42.9,0,2022
KEN,2021,38.6,0,2022
KEN,2022,39.8,0,2022
KGZ,2006,39.9,0,2024
KGZ,2007,35,0,2024
KGZ,2008,31.7,0,2024
KGZ,2009,31.7,0,2024
KGZ,2010,33.7,0,2024
KGZ,2011,36.8,0,2024
KGZ,2012,38,0,2024
KGZ,2013,37,0,2024
KGZ,2014,30.6,0,2024
KGZ,2015,32.1,0,2024
KGZ,2016,25.4,0,2024
KGZ,2017,25.6,0,2024
KGZ,2018,22.4,0,2024
KGZ,2019,20.1,0,2024
KGZ,2020,25.3,0,2024
KGZ,2021,33.3,1,2024
KGZ,2022,33.2,2,2024
KGZ,2023,29.8,3,2024
KGZ,2024,25.7,3,2024
KHM,2003,50.2,0,2012
KHM,2006,45,0,2012
KHM,2008,34,0,2012
KHM,2009,23.9,0,2012
KHM,2010,22.1,0,2012
KHM,2011,20.5,0,2012
KHM,2012,17.7,0,2012
KIR,2006,21.8,0,2023
KIR,2019,21.9,1,2023
KIR,2023,5.5,1,2023
LAO,2002,33.5,0,2024
LAO,2007,27.6,0,2024
LAO,2012,23.2,0,2024
LAO,2018,18.3,1,2024
LAO,2024,15,1,2024
LBN,2011,27.4,0,2011
LBN,2012,27.4,0,2012
LBR,2007,63.8,1,2016
LBR,2014,54.1,2,2016
LBR,2016,50.9,2,2016
LCA,2015,25,1,2015
LKA,2002,46.8,0,2019
LKA,2006,34.1,0,2019
LKA,2009,28.4,0,2019
LKA,2012,22.5,0,2019
LKA,2016,16,0,2019
LKA,2019,14.3,0,2019
LSO,2002,56.6,0,2017
LSO,2017,49.7,0,2017
LTU,1999,17,0,2021
LTU,2000,17,0,2021
LTU,2004,20.5,1,2021
LTU,2005,20,1,2021
LTU,2006,19.1,1,2021
LTU,2007,20.9,1,2021
LTU,2008,20.3,1,2021
LTU,2009,20.5,1,2021
LTU,2010,19.2,1,2021
LTU,2011,18.6,1,2021
LTU,2012,20.6,1,2021
LTU,2013,19.1,1,2021
LTU,2014,22.2,1,2021
LTU,2015,21.9,1,2021
LTU,2016,22.9,1,2021
LTU,2017,22.9,1,2021
LTU,2018,20.6,1,2021
LTU,2019,20.9,1,2021
LTU,2020,20,1,2021
LTU,2021,20.9,1,2021
LUX,1994,12,0,2021
LUX,1995,11,0,2021
LUX,1996,11,0,2021
LUX,1997,12,0,2021
LUX,1998,13,0,2021
LUX,1999,12,0,2021
LUX,2000,12,0,2021
LUX,2002,11.9,1,2021
LUX,2003,12.7,1,2021
LUX,2004,13.7,1,2021
LUX,2005,14.1,1,2021
LUX,2006,13.5,1,2021
LUX,2007,13.4,1,2021
LUX,2008,14.9,1,2021
LUX,2009,14.5,1,2021
LUX,2010,13.6,1,2021
LUX,2011,15.1,1,2021
LUX,2012,15.9,1,2021
LUX,2013,16.4,1,2021
LUX,2014,15.3,1,2021
LUX,2015,15.8,2,2021
LUX,2016,16.4,2,2021
LUX,2017,16.7,2,2021
LUX,2018,17.5,2,2021
LUX,2019,17.4,3,2021
LUX,2020,18.1,4,2021
LUX,2021,17.3,5,2021
LVA,1999,16,0,2022
LVA,2004,19.4,1,2022
LVA,2005,23.5,1,2022
LVA,2006,21.2,1,2022
LVA,2007,25.9,1,2022
LVA,2008,26.4,1,2022
LVA,2009,20.9,1,2022
LVA,2010,19,1,2022
LVA,2011,19.2,1,2022
LVA,2012,19.4,1,2022
LVA,2013,21.2,1,2022
LVA,2014,22.5,1,2022
LVA,2015,21.8,1,2022
LVA,2016,22.1,1,2022
LVA,2017,23.3,1,2022
LVA,2018,22.9,1,2022
LVA,2019,21.6,1,2022
LVA,2020,23.4,1,2022
LVA,2021,22.5,1,2022
LVA,2022,22.5,1,2022
MAR,2000,15.3,0,2022
MAR,2007,8.9,0,2022
MAR,2013,4.8,0,2022
MAR,2022,3.9,0,2022
MDA,2001,54.6,1,2022
MDA,2002,40.4,1,2022
MDA,2003,29,1,2022
MDA,2004,26.5,1,2022
MDA,2006,30.2,1,2022
MDA,2007,25.8,1,2022
MDA,2008,26.4,1,2022
MDA,2009,26.3,1,2022
MDA,2010,21.9,1,2022
MDA,2011,17.5,1,2022
MDA,2012,16.6,1,2022
MDA,2013,12.7,1,2022
MDA,2014,29.5,1,2023
MDA,2015,25.4,1,2023
MDA,2016,26.4,1,2023
MDA,2017,27.7,1,2023
MDA,2018,23,1,2023
MDA,2019,25.2,2,2023
MDA,2020,26.8,2,2023
MDA,2021,24.5,2,2023
MDA,2022,31.1,2,2023
MDA,2023,31.6,2,2023
MDG,2001,70.8,0,2021
MDG,2005,73.2,0,2021
MDG,2010,71.7,0,2021
MDG,2012,72.9,0,2021
MDG,2021,75.2,1,2021
MDV,2016,8.2,1,2019
MDV,2019,5.4,2,2019
MEX,2008,44.4,0,2024
MEX,2012,45.5,0,2024
MEX,2014,46.2,0,2024
MEX,2016,43.2,1,2024
MEX,2018,41.9,1,2024
MEX,2020,43.9,1,2024
MEX,2022,36.3,1,2024
MEX,2024,29.6,1,2024
MHL,2019,7.2,1,2019
MKD,2009,27,0,2023
MKD,2010,26.8,0,2023
MKD,2011,26.2,0,2023
MKD,2012,24.2,0,2023
MKD,2013,22.1,0,2023
MKD,2014,21.5,0,2023
MKD,2015,21.9,0,2023
MKD,2016,22.2,0,2023
MKD,2017,21.9,0,2023
MKD,2018,21.6,0,2023
MKD,2019,21.8,0,2023
MKD,2020,23,0,2023
MKD,2021,22.9,0,2023
MKD,2022,22.2,0,2023
MKD,2023,21.9,0,2023
MLI,2001,50.9,1,2024
MLI,2006,41.7,1,2024
MLI,2009,41.1,1,2024
MLI,2011,45.4,1,2024
MLI,2013,47.1,1,2024
MLI,2014,46.9,1,2024
MLI,2015,47.2,1,2024
MLI,2016,46.8,1,2024
MLI,2017,44.9,1,2024
MLI,2018,42.1,1,2024
MLI,2019,42.3,1,2024
MLI,2020,41.9,1,2024
MLI,2021,45.5,2,2024
MLI,2022,45.5,2,2024
MLI,2023,43.9,2,2024
MLI,2024,43.3,2,2024
MLT,1999,15,0,2021
MLT,2004,14.3,1,2021
MLT,2005,14.2,1,2021
MLT,2006,15.1,1,2021
MLT,2007,15.3,1,2021
MLT,2008,14.9,1,2021
MLT,2009,15.5,1,2021
MLT,2010,15.6,1,2021
MLT,2011,15.1,1,2021
MLT,2012,15.8,1,2021
MLT,2013,15.8,1,2021
MLT,2014,16.6,1,2021
MLT,2015,16.5,1,2021
MLT,2016,16.7,1,2021
MLT,2017,16.8,1,2021
MLT,2018,17.1,1,2021
MLT,2019,16.9,1,2021
MLT,2020,16.9,1,2021
MLT,2021,16.7,1,2021
MMR,2005,48.2,0,2017
MMR,2010,42.2,0,2017
MMR,2015,32.1,0,2017
MMR,2017,24.8,0,2017
MNE,2012,25.2,0,2023
MNE,2013,24.1,0,2023
MNE,2014,24.4,0,2023
MNE,2015,24,0,2023
MNE,2016,23.6,0,2023
MNE,2017,23.8,0,2023
MNE,2018,24.5,0,2023
MNE,2019,22.6,0,2023
MNE,2020,21.2,0,2023
MNE,2021,20.3,0,2023
MNE,2022,20.1,0,2023
MNE,2023,20,0,2023
MNG,2010,38.8,1,2022
MNG,2011,33.7,1,2022
MNG,2012,27.4,1,2022
MNG,2014,21.6,1,2022
MNG,2016,29.6,1,2022
MNG,2018,28.4,1,2022
MNG,2020,27.8,1,2022
MNG,2022,27.1,2,2022
MOZ,2002,60.3,0,2022
MOZ,2008,58.7,0,2022
MOZ,2014,48.4,0,2022
MOZ,2019,68.2,0,2022
MOZ,2022,65,0,2022
MRT,2000,51,0,2019
MRT,2004,46.7,0,2019
MRT,2008,42,0,2019
MRT,2014,34.3,1,2019
MRT,2019,31.8,1,2019
MUS,2012,7.9,0,2023
MUS,2017,10.4,0,2023
MUS,2023,8.4,0,2023
MWI,2004,52.4,0,2019
MWI,2010,50.7,0,2019
MWI,2016,51.5,0,2019
MWI,2019,50.7,0,2019
MYS,2002,5.1,0,2024
MYS,2004,5.7,0,2024
MYS,2007,3.6,0,2024
MYS,2009,3.8,0,2024
MYS,2012,1.7,0,2024
MYS,2014,0.6,0,2024
MYS,2016,7.6,1,2024
MYS,2019,5.6,1,2024
MYS,2020,8.4,2,2024
MYS,2022,6.2,2,2024
MYS,2024,5.1,2,2024
NAM,2003,37.7,0,2015
NAM,2009,28.7,0,2015
NAM,2015,17.4,0,2015
NER,2011,48.9,0,2021
NER,2014,44.5,0,2021
NER,2018,40.8,1,2021
NER,2021,41.2,1,2021
NGA,2003,48.4,0,2023
NGA,2018,40.1,1,2023
NGA,2023,56.2,1,2023
NIC,2001,45.8,0,2016
NIC,2005,48.3,0,2016
NIC,2009,42.5,0,2016
NIC,2014,29.6,0,2016
NIC,2016,24.9,0,2016
NLD,1994,11,0,2021
NLD,1995,12,0,2021
NLD,1996,10,0,2021
NLD,1997,10,0,2021
NLD,1998,11,0,2021
NLD,1999,11,0,2021
NLD,2000,11,0,2021
NLD,2001,11,0,2021
NLD,2004,10.7,1,2021
NLD,2005,9.7,1,2021
NLD,2006,10.2,1,2021
NLD,2007,10.5,1,2021
NLD,2008,11.1,1,2021
NLD,2009,10.3,1,2021
NLD,2010,11,1,2021
NLD,2011,10.1,1,2021
NLD,2012,10.4,1,2021
NLD,2013,11.6,1,2021
NLD,2014,11.6,1,2021
NLD,2015,12.7,2,2021
NLD,2016,13.2,2,2021
NLD,2017,13.3,2,2021
NLD,2018,13.2,2,2021
NLD,2019,13.4,2,2021
NLD,2020,14.4,2,2021
NLD,2021,14.5,2,2021
NOR,2000,11,0,2021
NOR,2001,10,0,2021
NOR,2002,10.8,1,2021
NOR,2003,10.8,1,2021
NOR,2004,11.4,1,2021
NOR,2005,12,1,2021
NOR,2006,11.9,1,2021
NOR,2007,11.4,1,2021
NOR,2008,11.7,1,2021
NOR,2009,11.2,1,2021
NOR,2010,10.5,1,2021
NOR,2011,10,1,2021
NOR,2012,10.9,1,2021
NOR,2013,10.9,1,2021
NOR,2014,11.9,1,2021
NOR,2015,12.2,1,2021
NOR,2016,12.3,1,2021
NOR,2017,12.9,1,2021
NOR,2018,12.7,1,2021
NOR,2019,12.7,1,2021
NOR,2020,12.6,2,2021
NOR,2021,12.2,2,2021
NPL,2010,25.2,1,2022
NPL,2022,20.3,2,2022
NPL,2023,20.3,2,2023
PAK,2001,64.3,1,2018
PAK,2004,51.7,1,2018
PAK,2005,50.4,1,2018
PAK,2007,44.1,1,2018
PAK,2010,36.8,1,2018
PAK,2011,36.3,1,2018
PAK,2013,29.5,1,2018
PAK,2015,24.3,1,2018
PAK,2018,21.9,1,2018
PAN,2000,37.9,0,2023
PAN,2005,36.6,0,2023
PAN,2006,38.3,0,2023
PAN,2007,36.5,0,2023
PAN,2008,33.8,0,2023
PAN,2009,33.4,0,2023
PAN,2010,29.8,0,2023
PAN,2011,27.6,0,2023
PAN,2012,26.5,0,2023
PAN,2013,25.8,0,2023
PAN,2014,25.6,0,2023
PAN,2015,23,0,2023
PAN,2016,22.1,0,2023
PAN,2017,20.7,0,2023
PAN,2018,21.4,0,2023
PAN,2019,21.5,0,2023
PAN,2021,21.8,0,2023
PAN,2022,22.2,0,2023
PAN,2023,21.7,0,2023
PER,2004,58.7,0,2024
PER,2005,55.6,0,2024
PER,2006,49.2,0,2024
PER,2007,42.4,0,2024
PER,2008,37.3,0,2024
PER,2009,33.5,0,2024
PER,2010,30.8,0,2024
PER,2011,27.8,0,2024
PER,2012,25.8,0,2024
PER,2013,23.9,0,2024
PER,2014,22.7,0,2024
PER,2015,21.8,0,2024
PER,2016,20.7,0,2024
PER,2017,21.7,0,2024
PER,2018,20.5,0,2024
PER,2019,20.2,0,2024
PER,2020,30.1,0,2024
PER,2021,25.9,0,2024
PER,2022,27.5,0,2024
PER,2023,29,0,2024
PER,2024,27.6,0,2024
PHL,2006,26.6,0,2023
PHL,2009,26.3,0,2023
PHL,2012,25.2,0,2023
PHL,2015,23.5,1,2023
PHL,2018,16.7,1,2023
PHL,2021,18.1,1,2023
PHL,2023,15.5,1,2023
PLW,2006,24.9,0,2006
PNG,2009,39.9,0,2009
POL,2008,17.6,0,2024
POL,2009,17.3,0,2024
POL,2010,17.4,0,2024
POL,2011,16.9,0,2024
POL,2012,16.3,0,2024
POL,2013,16.2,0,2024
POL,2014,16.2,0,2024
POL,2015,15.5,0,2024
POL,2016,13.9,0,2024
POL,2017,13.4,0,2024
POL,2018,14.2,0,2024
POL,2019,13,0,2024
POL,2020,11.8,1,2024
POL,2021,12.1,1,2024
POL,2022,11.7,1,2024
POL,2023,12.2,1,2024
POL,2024,13.3,1,2024
PRT,1994,23,0,2021
PRT,1995,21,0,2021
PRT,1996,22,0,2021
PRT,1997,21,0,2021
PRT,1998,21,0,2021
PRT,1999,21,0,2021
PRT,2000,20,0,2021
PRT,2001,20,0,2021
PRT,2003,20.4,1,2021
PRT,2004,19.4,1,2021
PRT,2005,18.5,1,2021
PRT,2006,18.1,1,2021
PRT,2007,18.5,1,2021
PRT,2008,17.9,1,2021
PRT,2009,17.9,1,2021
PRT,2010,18,1,2021
PRT,2011,17.9,1,2021
PRT,2012,18.7,1,2021
PRT,2013,19.5,1,2021
PRT,2014,19.5,1,2021
PRT,2015,19,1,2021
PRT,2016,18.3,1,2021
PRT,2017,17.3,1,2021
PRT,2018,17.2,1,2021
PRT,2019,16.2,1,2021
PRT,2020,18.4,1,2021
PRT,2021,16.4,1,2021
PRY,2002,57.7,0,2024
PRY,2003,51.4,0,2024
PRY,2004,48.8,0,2024
PRY,2005,44.9,0,2024
PRY,2006,48.9,0,2024
PRY,2007,45.3,0,2024
PRY,2008,43.2,0,2024
PRY,2009,41.6,0,2024
PRY,2010,39,0,2024
PRY,2011,37,0,2024
PRY,2012,31.4,0,2024
PRY,2013,28,0,2024
PRY,2014,27.2,0,2024
PRY,2015,26.6,0,2024
PRY,2016,28.9,0,2024
PRY,2017,26.4,0,2024
PRY,2018,24.2,0,2024
PRY,2019,23.5,0,2024
PRY,2020,26.9,0,2024
PRY,2021,26.9,0,2024
PRY,2022,25.5,1,2024
PRY,2023,22.7,1,2024
PRY,2024,20.1,1,2024
PSE,2004,25.9,0,2023
PSE,2005,24.3,0,2023
PSE,2006,24,0,2023
PSE,2007,31.2,0,2023
PSE,2009,22.6,0,2023
PSE,2010,25.7,1,2023
PSE,2011,25.8,1,2023
PSE,2016,29.2,1,2023
PSE,2023,32.8,1,2023
ROU,1999,17,0,2021
ROU,2000,17,0,2023
ROU,2001,18,0,2023
ROU,2006,24.6,1,2023
ROU,2007,23.6,1,2023
ROU,2008,22.1,1,2023
ROU,2009,21.6,1,2023
ROU,2010,22.3,1,2023
ROU,2011,22.9,1,2023
ROU,2012,23,1,2023
ROU,2013,25.1,1,2023
ROU,2014,25.4,1,2023
ROU,2015,25.3,1,2023
ROU,2016,23.6,1,2023
ROU,2017,23.5,1,2023
ROU,2018,23.8,1,2023
ROU,2019,23.4,1,2023
ROU,2020,22.5,1,2023
ROU,2021,21.2,1,2023
ROU,2022,21.1,1,2023
ROU,2023,19,1,2023
RUS,2000,29,0,2020
RUS,2002,24.6,0,2020
RUS,2003,20.3,0,2020
RUS,2004,17.6,0,2020
RUS,2005,17.8,0,2020
RUS,2006,15.2,0,2020
RUS,2007,13.3,0,2020
RUS,2008,13.4,0,2020
RUS,2009,13,0,2020
RUS,2010,12.5,0,2020
RUS,2011,12.7,0,2020
RUS,2012,10.7,0,2020
RUS,2013,10.8,0,2020
RUS,2014,11.2,0,2020
RUS,2015,13.3,0,2020
RUS,2016,13.3,0,2020
RUS,2017,13.2,0,2020
RUS,2018,12.6,0,2020
RUS,2019,12.3,0,2020
RUS,2020,12.1,0,2020
RWA,2000,58.9,0,2023
RWA,2005,56.7,0,2023
RWA,2010,44.9,0,2023
RWA,2013,39.1,1,2023
RWA,2016,38.2,1,2023
RWA,2023,27.4,2,2023
SDN,2009,46.5,0,2009
SEN,2001,55.2,1,2021
SEN,2005,48.3,1,2021
SEN,2011,43,1,2021
SEN,2018,37.8,2,2021
SEN,2021,37.5,2,2021
SLB,2005,22.7,1,2013
SLB,2013,12.7,2,2013
SLE,2003,66.4,1,2018
SLE,2011,62.4,2,2018
SLE,2018,56.8,2,2018
SLV,2007,34.6,0,2023
SLV,2008,40,1,2023
SLV,2009,37.8,1,2023
SLV,2010,36.5,1,2023
SLV,2011,40.6,1,2023
SLV,2012,34.5,1,2023
SLV,2013,29.6,1,2023
SLV,2014,31.8,1,2023
SLV,2015,34.9,1,2023
SLV,2016,32.7,1,2023
SLV,2017,29.2,1,2023
SLV,2018,26.3,1,2023
SLV,2019,22.8,1,2023
SLV,2020,26.2,2,2023
SLV,2021,24.6,2,2023
SLV,2022,26.6,2,2023
SLV,2023,27.2,2,2023
SOM,2022,55.4,0,2022
SRB,2012,24.5,0,2023
SRB,2013,25,0,2023
SRB,2014,26.7,0,2023
SRB,2015,25.9,0,2023
SRB,2016,25.7,0,2023
SRB,2017,24.3,0,2023
SRB,2018,23,0,2023
SRB,2019,22.4,0,2023
SRB,2020,21.4,0,2023
SRB,2021,20.2,0,2023
SRB,2022,19.9,0,2023
SRB,2023,19.7,0,2023
SSD,2009,50.6,0,2016
SSD,2016,82.3,1,2016
STP,2017,55.5,1,2017
SUR,2022,17.6,0,2022
SVK,2004,13.3,0,2021
SVK,2005,11.6,0,2021
SVK,2006,10.6,0,2021
SVK,2007,10.9,0,2021
SVK,2008,11,0,2021
SVK,2009,12,0,2021
SVK,2010,13,0,2021
SVK,2011,13.2,0,2021
SVK,2012,12.8,0,2021
SVK,2013,12.6,0,2021
SVK,2014,12.3,0,2021
SVK,2015,12.7,0,2021
SVK,2016,12.4,0,2021
SVK,2017,12.2,0,2021
SVK,2018,11.9,0,2021
SVK,2019,11.4,0,2021
SVK,2020,12.3,0,2021
SVK,2021,13.7,0,2021
SVN,1999,11,0,2022
SVN,2000,11,0,2022
SVN,2001,10,0,2022
SVN,2004,12.2,1,2022
SVN,2005,11.6,1,2022
SVN,2006,11.5,1,2022
SVN,2007,12.3,1,2022
SVN,2008,11.3,1,2022
SVN,2009,12.7,1,2022
SVN,2010,13.6,1,2022
SVN,2011,13.5,1,2022
SVN,2012,14.5,1,2022
SVN,2013,14.5,1,2022
SVN,2014,14.3,1,2022
SVN,2015,13.9,1,2022
SVN,2016,13.3,1,2022
SVN,2017,13.3,1,2022
SVN,2018,12,1,2022
SVN,2019,12.4,1,2022
SVN,2020,11.7,1,2022
SVN,2021,12.1,1,2022
SVN,2022,12.7,1,2022
SWE,1996,8,0,2022
SWE,1998,8,0,2022
SWE,2000,9,0,2022
SWE,2001,11,1,2022
SWE,2003,11.3,2,2022
SWE,2004,9.5,2,2022
SWE,2005,12.3,2,2022
SWE,2006,10.5,2,2022
SWE,2007,13.5,3,2022
SWE,2008,14.4,3,2022
SWE,2009,14.8,3,2022
SWE,2010,15.4,3,2022
SWE,2011,15.2,3,2022
SWE,2012,16,3,2022
SWE,2013,15.6,3,2022
SWE,2014,16.3,3,2022
SWE,2015,16.2,3,2022
SWE,2016,15.8,3,2022
SWE,2017,16.4,3,2022
SWE,2018,17.1,3,2022
SWE,2019,16.1,3,2022
SWE,2020,15.7,3,2022
SWE,2021,16,3,2022
SWE,2022,16.1,3,2022
SWZ,2001,69,1,2017
SWZ,2009,63,1,2017
SWZ,2017,58.9,1,2017
SYC,2013,39.3,1,2018
SYC,2018,25.3,1,2018
SYR,2004,30.1,0,2007
SYR,2007,35.2,0,2007
TCD,2002,54.8,0,2022
TCD,2011,46.7,0,2022
TCD,2018,42.3,1,2022
TCD,2022,44.8,1,2022
TGO,2006,61.7,0,2021
TGO,2011,58.7,0,2021
TGO,2015,55.1,0,2021
TGO,2018,45.5,1,2021
TGO,2021,43.8,1,2021
THA,2000,42.3,0,2022
THA,2002,32.4,0,2022
THA,2004,26.8,0,2022
THA,2006,21.9,0,2022
THA,2007,20,0,2022
THA,2008,20.4,0,2022
THA,2009,17.9,0,2022
THA,2010,16.4,0,2022
THA,2011,13.2,0,2022
THA,2012,12.6,0,2022
THA,2013,10.9,0,2022
THA,2014,10.5,0,2022
THA,2015,7.2,0,2022
THA,2016,8.6,0,2022
THA,2017,7.9,0,2022
THA,2018,9.8,0,2022
THA,2019,6.2,0,2022
THA,2020,6.8,0,2022
THA,2021,6.3,0,2022
THA,2022,5.4,0,2022
TJK,2013,34.3,0,2024
TJK,2014,32,0,2024
TJK,2015,31.3,0,2024
TJK,2016,30.3,0,2024
TJK,2017,29.5,0,2024
TJK,2018,27.4,0,2024
TJK,2019,26.3,0,2024
TJK,2021,25.6,1,2024
TJK,2022,21.7,1,2024
TJK,2023,20.4,1,2024
TJK,2024,19.8,1,2024
TLS,2001,36.3,1,2014
TLS,2007,50.4,1,2014
TLS,2014,41.8,1,2014
TON,2001,16.2,1,2021
TON,2009,22.5,1,2021
TON,2021,20.6,2,2021
TUN,2000,25.4,0,2021
TUN,2005,23.1,0,2021
TUN,2010,20.5,0,2021
TUN,2015,15.2,0,2021
TUN,2021,16.6,0,2021
TUR,2001,25,1,2024
TUR,2005,18.6,2,2024
TUR,2006,16.3,2,2024
TUR,2007,16.7,2,2024
TUR,2008,17.1,2,2024
TUR,2009,16.9,2,2024
TUR,2010,16.1,2,2024
TUR,2011,16.3,2,2024
TUR,2012,15,2,2024
TUR,2013,15,2,2024
TUR,2014,14.7,2,2024
TUR,2015,14.3,2,2024
TUR,2016,13.5,2,2024
TUR,2017,13.9,2,2024
TUR,2018,14.4,2,2024
TUR,2019,15,2,2024
TUR,2020,14.4,2,2024
TUR,2021,14.4,2,2024
TUR,2022,13.5,2,2024
TUR,2023,13.6,2,2024
TUR,2024,13,2,2024
TUV,2010,26.3,0,2010
TZA,2000,35.6,0,2018
TZA,2007,34.4,0,2018
TZA,2011,28.2,0,2018
TZA,2018,26.4,0,2018
UGA,2002,38.8,0,2023
UGA,2005,31.1,0,2023
UGA,2009,24.5,0,2023
UGA,2012,19.7,0,2023
UGA,2016,21.4,0,2023
UGA,2019,20.3,0,2023
UGA,2023,16.1,0,2023
UKR,2002,83.3,0,2020
UKR,2003,76.2,0,2020
UKR,2004,65.6,0,2020
UKR,2005,55.3,0,2020
UKR,2006,49.7,0,2020
UKR,2007,12.7,0,2020
UKR,2008,7.1,0,2020
UKR,2009,5.8,0,2020
UKR,2010,14,1,2020
UKR,2011,15.7,1,2020
UKR,2012,12.2,1,2020
UKR,2013,9.7,1,2020
UKR,2014,16.3,1,2020
UKR,2015,51.9,2,2020
UKR,2016,51.1,2,2020
UKR,2017,34.9,2,2020
UKR,2018,27.6,2,2020
UKR,2019,23.1,2,2020
UKR,2020,23.2,2,2020
URY,2006,32.5,0,2024
URY,2007,29.6,0,2024
URY,2008,24.2,0,2024
URY,2009,21,0,2024
URY,2010,18.5,0,2024
URY,2011,13.7,0,2024
URY,2012,12.4,0,2024
URY,2013,11.5,0,2024
URY,2014,9.7,0,2024
URY,2015,9.7,0,2024
URY,2016,9.4,0,2024
URY,2017,7.9,0,2024
URY,2018,8.1,0,2024
URY,2019,8.8,0,2024
URY,2020,11.6,1,2024
URY,2021,10.6,2,2024
URY,2022,9.9,3,2024
URY,2023,19.7,4,2024
URY,2024,17.3,4,2024
UZB,2021,17,0,2025
UZB,2022,14.1,0,2025
UZB,2023,11,0,2025
UZB,2024,8.9,0,2025
UZB,2025,5.8,0,2025
VEN,2000,41.6,0,2015
VEN,2001,31.1,0,2015
VEN,2002,41.1,0,2015
VEN,2003,54,0,2015
VEN,2004,53.1,0,2015
VEN,2005,42.4,0,2015
VEN,2006,33.1,0,2015
VEN,2007,27.5,0,2015
VEN,2008,27.7,0,2015
VEN,2009,26.4,0,2015
VEN,2010,26.8,0,2015
VEN,2011,27.4,0,2015
VEN,2012,27.2,0,2015
VEN,2013,29.4,0,2015
VEN,2014,29.5,0,2015
VEN,2015,33.1,0,2015
VNM,2016,9.2,0,2022
VNM,2017,7.9,0,2022
VNM,2018,6.8,0,2022
VNM,2019,5.7,0,2022
VNM,2020,4.8,0,2022
VNM,2021,4.4,0,2022
VNM,2022,4.2,0,2022
VUT,2010,12.7,1,2020
VUT,2020,15.9,2,2020
WSM,2002,22.9,0,2018
WSM,2008,26.9,0,2018
WSM,2013,18.8,0,2018
WSM,2018,21.9,0,2018
XKX,2003,37.7,0,2015
XKX,2004,43.7,0,2015
XKX,2005,34.8,0,2015
XKX,2006,45,0,2015
XKX,2009,34.5,0,2015
XKX,2010,29.2,0,2015
XKX,2011,29.7,0,2015
XKX,2012,22.9,1,2015
XKX,2013,17.6,1,2015
XKX,2014,21.1,1,2015
XKX,2015,17.6,1,2015
YEM,2005,34.8,0,2014
YEM,2014,48.6,1,2014
ZAF,2005,57.5,1,2022
ZAF,2008,55.7,1,2022
ZAF,2010,45.8,1,2022
ZAF,2014,46.7,1,2022
ZAF,2022,37.9,1,2022
ZMB,2010,57,1,2022
ZMB,2015,54.4,1,2022
ZMB,2022,60,1,2022
ZWE,2001,32.2,1,2019
ZWE,2011,22.5,1,2019
ZWE,2017,30.4,1,2019
ZWE,2019,38.3,1,2019
