xyzDMxyzCountry,xyzDMxyzRequestYear,xyzDMxyzInterpolation,xyzDCxyzWelfareType,xyzDPxyzSI_MPM_EDUC,xyzDPxyzSI_MPM_EDUE,xyzDPxyzSI_MPM_ELEC,xyzDPxyzSI_MPM_IMPS,xyzDPxyzSI_MPM_IMPW,xyzDPxyzSI_MPM_POOR,xyzDPxyzSI_MPM_MDHC,survname,survey_coverage,comparable_spell
AGO,2018,FALSE,CONS,.2975342,.2744306,.5263953,.5363752,.32106507,.31122,.4720361,IDREA,N,2018
ALB,2012,FALSE,CONS,.0227138,.0673133,.004967,.0304023,.00342548,.0062069,.0079269,LSMS,N,2002-2012
ALB,2016,FALSE,CONS,.0062246,,.004313,.0760324,.08402681,.001393,.0078134,HBS,N,2014-2017
ALB,2017,FALSE,CONS,.0033123,,.0013132,.0697608,.0927045,.0039257,.0071135,HBS,N,2014-2017
ALB,2018,FALSE,CONS,.0019238,,.0006025,.0657977,.09594966,.0004811,.0029316,HBS,N,2018-2020
ARG,2010,FALSE,INC,.0190405,.009636,0,.0130865,.00325656,.0074654,.007694,EPHC-S2,U,2003-2022
ARG,2011,FALSE,INC,.0180353,.0105141,0,.0123504,.00308643,.0071138,.0074787,EPHC-S2,U,2003-2022
ARG,2012,FALSE,INC,.016484,.0083371,0,.0092399,.00324075,.0064705,.0068159,EPHC-S2,U,2003-2022
ARG,2013,FALSE,INC,.0161902,.0089634,0,.0080511,.00321066,.0066668,.0070075,EPHC-S2,U,2003-2022
ARG,2014,FALSE,INC,.0141841,.0094894,0,.0070432,.0040557,.0060478,.0062689,EPHC-S2,U,2003-2022
ARG,2016,FALSE,INC,.0162789,.0117013,0,.0063667,.00405132,.0069689,.0072423,EPHC-S2,U,2003-2022
ARG,2017,FALSE,INC,.0148508,.0071565,0,.0069742,.00400695,.006038,.0061101,EPHC-S2,U,2003-2022
ARG,2018,FALSE,INC,.0133947,.0073669,0,.0070777,.00264292,.0104432,.0109254,EPHC-S2,U,2003-2022
ARG,2019,FALSE,INC,.0145894,.0064164,0,.0063389,.00254712,.0110974,.0113756,EPHC-S2,U,2003-2022
ARG,2020,FALSE,INC,.0136046,.0065874,0,.0090321,.00123864,.0117313,.0117475,EPHC-S2,U,2003-2022
ARG,2021,FALSE,INC,.0108532,.0073135,0,.0025745,.00364048,.0089422,.0090657,EPHC-S2,U,2003-2022
ARG,2022,FALSE,INC,.0110711,.0070612,0,.0041016,.00372027,.0061189,.0061966,EPHC-S2,U,2003-2022
ARM,2014,FALSE,CONS,.0004424,.0193573,.0022271,.0117963,.00573703,.0143914,.0146425,ILCS,N,1999-2018
ARM,2015,FALSE,CONS,.0003153,.021344,.0040505,.0093947,.01553284,.0114636,.0115047,ILCS,N,1999-2018
ARM,2016,FALSE,CONS,.0005247,.0222206,.000968,.0792737,.00364021,.0110795,.0110795,ILCS,N,1999-2018
ARM,2017,FALSE,CONS,.0006926,.017318,.0026792,.0728935,.00304843,.0078565,.0082168,ILCS,N,1999-2018
ARM,2018,FALSE,CONS,.0001315,.0166296,.0006759,.05051,.0037203,.0133982,.0133982,ILCS,N,1999-2018
ARM,2019,FALSE,CONS,.0003219,.020243,0,.0241159,.01059468,.0103007,.0103007,ILCS,N,2019-2022
ARM,2020,FALSE,CONS,.00057,.0193726,0,.007581,.01592332,.0035201,.0035201,ILCS,N,2019-2022
ARM,2021,FALSE,CONS,0,.01793,0,.0039773,.00660082,.0052352,.0052352,ILCS,N,2019-2022
ARM,2022,FALSE,CONS,.0000385,.020359,0,.0058174,.01654612,.0078108,.0078108,ILCS,N,2019-2022
AUS,2010,FALSE,INC,.0260019,,0,0,,.0047331,.0305821,SIH-HES-LIS,N,2004-2010
AUS,2014,FALSE,INC,.0209397,,0,0,,.0051251,.0259507,SIH-LIS,N,1989-2018
AUS,2016,FALSE,INC,.0158957,,0,0,,.0044882,.0203276,SIH-HES-LIS,N,1989-2018
AUS,2018,FALSE,INC,.0171188,,0,0,,.0051688,.0221577,SIH-LIS,N,1989-2018
AUT,2008,FALSE,INC,.0001931,,0,.0134555,.00713841,.0047591,.0049522,EU-SILC,N,2003-2021
AUT,2009,FALSE,INC,.0055039,,0,,0,.0065623,.0119456,EU-SILC,N,2003-2021
AUT,2010,FALSE,INC,.0029512,,0,.0119291,.0047358,.004907,.0078582,EU-SILC,N,2003-2021
AUT,2011,FALSE,INC,.0029553,,0,.0104123,.00548529,.004154,.0071093,EU-SILC,N,2003-2021
AUT,2012,FALSE,INC,.0047234,,0,.0103588,.00231533,.006241,.0109644,EU-SILC,N,2003-2021
AUT,2013,FALSE,INC,0,,0,.0095938,.00297842,.00338,.00338,EU-SILC,N,2003-2021
AUT,2014,FALSE,INC,0,,0,.0102777,.00456443,.0022426,.0022426,EU-SILC,N,2003-2021
AUT,2015,FALSE,INC,0,,0,.0086816,.00225717,.0070904,.0070904,EU-SILC,N,2003-2021
AUT,2016,FALSE,INC,.0000611,,0,.0061444,.00294816,.0066406,.0067018,EU-SILC,N,2003-2021
AUT,2017,FALSE,INC,0,,0,.0066375,.00499996,.0031809,.0031809,EU-SILC,N,2003-2021
AUT,2018,FALSE,INC,0,,0,.0046666,.00241178,.0057619,.0057619,EU-SILC,N,2003-2021
AUT,2019,FALSE,INC,0,,0,.0083336,.00651365,.0068077,.0068077,EU-SILC,N,2003-2021
AUT,2020,FALSE,INC,.0011586,,0,,0,.00688,.0080386,EU-SILC,N,2003-2021
AUT,2021,FALSE,INC,.0017642,,0,,0,.0048582,.0066224,EU-SILC,N,2003-2021
BDI,2013,FALSE,CONS,.6633524,.1889276,.9182661,.9430842,.20584173,.6513289,.8520085,ECVMB,N,1998-2013
BDI,2020,FALSE,CONS,.4488123,.3421162,.7519012,.9100749,.12021417,.6206576,.7666706,EICVMB,N,2020
BEL,2008,FALSE,INC,.019126,,0,.0063679,.00843842,.0042743,.0234003,EU-SILC,N,2003-2021
BEL,2009,FALSE,INC,.0186772,,0,,0,.0022125,.0208897,EU-SILC,N,2003-2021
BEL,2010,FALSE,INC,.0135781,,0,.0134519,.00867515,.0024362,.0158544,EU-SILC,N,2003-2021
BEL,2011,FALSE,INC,.013453,,0,.0208533,.00779068,.0044316,.017752,EU-SILC,N,2003-2021
BEL,2012,FALSE,INC,.0091362,,0,.0198834,.00703353,.0022377,.0107998,EU-SILC,N,2003-2021
BEL,2013,FALSE,INC,.0140696,,0,.0209794,.00694132,.0022841,.0163537,EU-SILC,N,2003-2021
BEL,2014,FALSE,INC,.0092932,,0,.0229984,.00665754,.0023683,.0115207,EU-SILC,N,2003-2021
BEL,2015,FALSE,INC,.0187762,,0,.0165731,.00462688,.0026325,.0213854,EU-SILC,N,2003-2021
BEL,2016,FALSE,INC,.0189738,,0,.0108735,.00439102,.0027519,.0216661,EU-SILC,N,2003-2021
BEL,2017,FALSE,INC,.0192437,,0,.0087375,.00347449,.0027878,.021956,EU-SILC,N,2003-2021
BEL,2018,FALSE,INC,.0053961,,0,.0067558,.00335977,.0021541,.0074303,EU-SILC,N,2003-2021
BEL,2019,FALSE,INC,.0055131,,0,.0074816,.00383661,.0021845,.0075484,EU-SILC,N,2003-2021
BEL,2020,FALSE,INC,.0049923,,0,,0,.0015997,.006592,EU-SILC,N,2003-2021
BEL,2021,FALSE,INC,.0064869,,0,,0,.0019313,.0084182,EU-SILC,N,2003-2021
BEN,2015,FALSE,CONS,.6161151,.2545251,.6902094,.7066547,.26869157,.5070926,.7222898,EMICOV,N,2011-2015
BEN,2018,FALSE,CONS,.5022199,.3146803,.5427265,.8002577,.22069069,.2008219,.5333803,EHCVM,N,2018-2021
BEN,2021,FALSE,CONS,.4902389,.3166182,.348183,.7664959,.2410913,.1272328,.4544324,EHCVM,N,2018-2021
BFA,2014,FALSE,CONS,.6469518,.5804275,.7926174,.6331269,.20617487,.3960286,.7300844,EMC,N,2014
BFA,2018,FALSE,CONS,.5643739,.5093923,.4719777,.6963881,.19688279,.3120382,.6046739,EHCVM,N,2018-2021
BFA,2021,FALSE,CONS,.4789394,.5100906,.3525817,.587326,.17327691,.2527707,.5298119,EHCVM,N,2018-2021
BGD,2010,FALSE,CONS,.2914437,.1683337,.4363035,.4832358,.03752672,.1822386,.3134974,HIES,N,2000-2016
BGD,2016,FALSE,CONS,.2202592,.0837466,.2364338,.5448481,.02806764,.1346497,.2048786,HIES,N,2000-2016
BGD,2022,FALSE,CONS,.130215,.0552793,.0230775,.3031985,.02734068,.0411064,.0592396,HIES,N,2022
BGR,2008,FALSE,INC,.0086443,,0,,0,.0125118,.0205427,EU-SILC,N,2006-2014
BGR,2010,FALSE,INC,.0118447,,0,.2478638,.15181894,.0200774,.0304114,EU-SILC,N,2006-2014
BGR,2011,FALSE,INC,.0129782,,0,.2242799,.138754,.0245876,.035658,EU-SILC,N,2006-2014
BGR,2012,FALSE,INC,.0125056,,0,.2131343,.13810326,.0230944,.0323535,EU-SILC,N,2006-2014
BGR,2013,FALSE,INC,.0094331,,0,.2063946,.1249498,.0178378,.0260391,EU-SILC,N,2006-2014
BGR,2014,FALSE,INC,.0117536,,0,.1856489,.11628552,.0166031,.0254176,EU-SILC,N,2006-2014
BGR,2015,FALSE,INC,.0100971,,0,.1845251,.11234024,.0341965,.0403725,EU-SILC,N,2015-2021
BGR,2016,FALSE,INC,.0101108,,0,.1670022,.10363239,.0196649,.0267427,EU-SILC,N,2015-2021
BGR,2017,FALSE,INC,.0067674,,0,.1532192,.09377896,.0137177,.0196594,EU-SILC,N,2015-2021
BGR,2018,FALSE,INC,.0079022,,0,.1368348,.07880975,.0087046,.0154961,EU-SILC,N,2015-2021
BGR,2019,FALSE,INC,.0057717,,0,.1319379,.07431327,.0092999,.0144522,EU-SILC,N,2015-2021
BGR,2020,FALSE,INC,.0059454,,0,,0,.0024786,.008424,EU-SILC,N,2015-2021
BGR,2021,FALSE,INC,.0062884,,0,,0,.0069914,.0132798,EU-SILC,N,2015-2021
BLR,2010,FALSE,CONS,.0002423,,,.1217548,.10380375,.0003394,.1015229,HHS,N,1998-2020
BLR,2011,FALSE,CONS,.0006219,,,.1266616,.10712004,.0000658,.1049951,HHS,N,1998-2020
BLR,2012,FALSE,CONS,.0002846,,,.1324869,.10869284,.0001206,.1070876,HHS,N,1998-2020
BLR,2013,FALSE,CONS,.0001313,,,.1059819,.08676938,0,.0856811,HHS,N,1998-2020
BLR,2014,FALSE,CONS,.0002689,,,.090482,.07433946,0,.0736179,HHS,N,1998-2020
BLR,2017,FALSE,CONS,.0003561,,,.067615,.05095056,0,.0499255,HHS,N,1998-2020
BLR,2018,FALSE,CONS,0,,,.0525763,.04393536,0,.0427852,HHS,N,1998-2020
BLR,2019,FALSE,CONS,0,,,.0459649,.03342947,0,.0315751,HHS,N,1998-2020
BOL,2011,FALSE,INC,.1762622,.0380715,.1153774,.1916154,.17873568,.052989,.1268489,EH,N,2005-2021
BOL,2012,FALSE,INC,.1765886,.0312684,.08873,.2763424,.08899745,.0646794,.116612,EH,N,2005-2021
BOL,2013,FALSE,INC,.1671685,.0313306,.0954623,.2643218,.08693944,.0517307,.1101222,EH,N,2005-2021
BOL,2014,FALSE,INC,.1836504,.043438,.0960156,.3257526,.0788311,.0427589,.1084392,EH,N,2005-2021
BOL,2015,FALSE,INC,.1522281,.037643,.0837274,.2664806,.10824726,.0462996,.1015842,EH,N,2005-2021
BOL,2016,FALSE,INC,.1684224,.0304668,.0727893,.2167504,.11682515,.0562034,.1144904,EH,N,2005-2021
BOL,2017,FALSE,INC,.1618197,.0122806,.0721888,.2229465,.09685047,.0493336,.0959017,EH,N,2005-2021
BOL,2018,FALSE,INC,.1531383,.0155656,.0623139,.1977964,.09392192,.0327489,.0855824,EH,N,2005-2021
BOL,2019,FALSE,INC,.1338301,.0218443,.0487155,.1632324,.07386949,.0192054,.0560843,EH,N,2005-2021
BOL,2020,FALSE,INC,.1397589,.0205767,.0437238,.1771538,.06553709,.0312151,.0655366,EH,N,2005-2021
BOL,2021,FALSE,INC,.1228115,.0138387,.0293862,.1390599,.09903722,.019645,.0453978,EH,N,2005-2021
BRA,2016,FALSE,INC,.1714216,.0062298,.0024933,.3645637,.02024856,.0473375,.0571788,PNADC-E1,N,2012-2022
BRA,2017,FALSE,INC,.1651957,.0057312,.0023286,.3604706,.02143774,.0530275,.0619021,PNADC-E1,N,2012-2022
BRA,2018,FALSE,INC,.1579398,.0052994,.0027178,.3587137,.01797572,.0530607,.0603041,PNADC-E1,N,2012-2022
BRA,2019,FALSE,INC,.1501124,.004414,.0024595,.3434228,.01782774,.0540922,.0609172,PNADC-E1,N,2012-2022
BRA,2022,FALSE,INC,.1316361,.0044616,.0020542,.3257976,.01300809,.035053,.0407191,PNADC-E1,N,2012-2022
BTN,2012,FALSE,CONS,.4995933,.0652987,.1290476,.3376439,.01725661,.0173033,.1075637,BLSS,N,2007-2017
BTN,2017,FALSE,CONS,.4076138,.0412316,.0189661,.1431859,.0042957,.0094576,.0333084,BLSS,N,2007-2017
BTN,2022,FALSE,CONS,.2658655,.0375297,.0022913,.0707523,.00044948,.0000154,.0130168,BLSS,N,2022
BWA,2015,FALSE,CONS,.0818476,.042078,.3546946,.5204779,.03658751,.1503655,.2079021,BMTHS,N,2002-2015
CHE,2008,FALSE,INC,.0008476,,0,,0,.0024485,.0032961,EU-SILC,N,2006-2020
CHE,2009,FALSE,INC,.0002347,,0,,0,.0015431,.0017777,EU-SILC,N,2006-2020
CHE,2010,FALSE,INC,.0003613,,0,.0005845,.00073194,.0019524,.0023136,EU-SILC,N,2006-2020
CHE,2011,FALSE,INC,.0000749,,0,.0005512,.00101239,.0009726,.0010474,EU-SILC,N,2006-2020
CHE,2012,FALSE,INC,0,,0,.0000751,.00004363,.0005942,.0005942,EU-SILC,N,2006-2020
CHE,2013,FALSE,INC,0,,0,.0016353,.00229004,.0019126,.0019126,EU-SILC,N,2006-2020
CHE,2014,FALSE,INC,.0008341,,0,.0003161,.00069688,.0014917,.0023257,EU-SILC,N,2006-2020
CHE,2015,FALSE,INC,.0001764,,0,.0000726,.00012067,.0014121,.0015885,EU-SILC,N,2006-2020
CHE,2016,FALSE,INC,.0002322,,0,.0003332,.00069223,.001539,.0017711,EU-SILC,N,2006-2020
CHE,2017,FALSE,INC,.000088,,0,.0002948,.00083165,.0012795,.0013675,EU-SILC,N,2006-2020
CHE,2018,FALSE,INC,.0004273,,0,.0006698,.00078498,.0018104,.0022377,EU-SILC,N,2006-2020
CHE,2019,FALSE,INC,.0007121,,0,.0002707,.00056858,.0019551,.0026673,EU-SILC,N,2006-2020
CHE,2020,FALSE,INC,.00078,,0,,0,.0016865,.0024665,EU-SILC,N,2006-2020
CHL,2011,FALSE,INC,.0452977,.0052537,.00319,.0045321,.01616091,.0090388,.0099191,CASEN,N,2006-2022
CHL,2013,FALSE,INC,.040057,.0036895,.0031345,.005302,.01040902,.0051712,.0060209,CASEN,N,2006-2022
CHL,2015,FALSE,INC,.0351488,.0027672,.002103,.0050074,.00913011,.0042928,.0047064,CASEN,N,2006-2022
CHL,2017,FALSE,INC,.0336458,.0042703,.0028446,.0062299,.01228455,.0035971,.0042356,CASEN,N,2006-2022
CHL,2020,FALSE,INC,.0320291,.0323041,,.015305,.01072501,.0134157,.0181606,CASEN,N,2006-2022
CHL,2022,FALSE,INC,.0321419,.0037828,.0028926,.0116792,.01111704,.0039505,.0046388,CASEN,N,2006-2022
CIV,2015,FALSE,CONS,.5315217,.2556805,.3742282,.59466,.23283986,.3344714,.5239866,ENV,N,2002-2015
CIV,2018,FALSE,CONS,.4862349,.3038285,.1809883,.6441042,.20674755,.1150222,.3727345,EHCVM,N,2018-2021
CIV,2021,FALSE,CONS,.4451539,.2466248,.0926097,.598889,.17275844,.0973319,.2915839,EHCVM,N,2018-2021
CMR,2014,FALSE,CONS,.2439192,.15942,.0119847,.3891992,.23192838,.2565752,.3754531,ECAM-IV,N,2001-2014
COD,2012,FALSE,CONS,.2248078,.0798226,.8298409,.7999471,.47895573,.6968846,.7828093,E123,N,2004-2012
COG,2011,FALSE,CONS,.1339216,.0225018,.2985148,.4726284,.23358385,.3535745,.4158067,ECOM,N,2005-2011
COL,2010,FALSE,INC,.0838436,.0367338,.0339586,.1358154,.02743883,.0828506,.0987967,GEIH,N,2008-2020
COL,2011,FALSE,INC,.0788847,.0387961,.0323008,.1346819,.02519452,.0682821,.0839731,GEIH,N,2008-2020
COL,2012,FALSE,INC,.0765732,.0354895,.0294568,.1314853,.02545694,.0671516,.0809077,GEIH,N,2008-2020
COL,2013,FALSE,INC,.0716897,.0296344,.0243356,.1200202,.02567625,.061117,.0722822,GEIH,N,2008-2020
COL,2014,FALSE,INC,.0665095,.0302802,.0236858,.1181763,.02243619,.0543138,.0641427,GEIH,N,2008-2020
COL,2015,FALSE,INC,.0642946,.0286175,.0189172,.1067338,.0219655,.0492548,.0580233,GEIH,N,2008-2020
COL,2016,FALSE,INC,.0600055,.0269031,.0164196,.088921,.02236602,.0491353,.0563143,GEIH,N,2008-2020
COL,2017,FALSE,INC,.0572472,.025424,.0154121,.087172,.02285807,.0433946,.0502823,GEIH,N,2008-2020
COL,2018,FALSE,INC,.0546687,.0261808,.0148084,.0834874,.02492765,.0449826,.0514487,GEIH,N,2008-2020
COL,2019,FALSE,INC,.0506721,.0283748,.0132122,.0816692,.02444476,.0528474,.0585251,GEIH,N,2008-2020
COL,2020,FALSE,INC,.0541002,.0290245,.0153079,.0876511,.03020265,.0728289,.0781799,GEIH,N,2008-2020
COL,2021,FALSE,INC,.0505427,.027942,.0111097,.0767339,.01721011,.0733467,.0769817,GEIH,N,2021-2022
COL,2022,FALSE,INC,.0502323,.0271846,.0139078,.0685164,.03022405,.0603655,.0650938,GEIH,N,2021-2022
COM,2014,FALSE,CONS,.1525051,.0727462,.284703,.6722199,.0638508,.1864372,.262547,EESIC,N,2014
CPV,2015,FALSE,CONS,.1166806,.0268418,.0988584,.3021393,.11101359,.0456423,.0760978,IDRF,N,2015
CRI,2010,FALSE,INC,.051137,.0180334,.0085301,.0307552,.00976164,.0148935,.0203471,ENAHO,N,2010-2022
CRI,2011,FALSE,INC,.0463569,.0170276,.0051498,.0303369,.00804355,.017503,.021193,ENAHO,N,2010-2022
CRI,2012,FALSE,INC,.0459808,.0172064,.0030059,.0219134,.00652798,.0167337,.0195108,ENAHO,N,2010-2022
CRI,2013,FALSE,INC,.044653,.0138617,.0027903,.0245856,.00629096,.0164258,.0192327,ENAHO,N,2010-2022
CRI,2014,FALSE,INC,.0443103,.0101442,.0056856,.0191761,.00484516,.015053,.017657,ENAHO,N,2010-2022
CRI,2015,FALSE,INC,.0448859,.013816,.0061233,.0203628,.00510492,.0157323,.0188421,ENAHO,N,2010-2022
CRI,2016,FALSE,INC,.047554,.0102663,.0046466,.0213626,.0058232,.0133674,.0168188,ENAHO,N,2010-2022
CRI,2017,FALSE,INC,.046133,.0087365,.0031627,.0203455,.00403586,.0117235,.0142334,ENAHO,N,2010-2022
CRI,2018,FALSE,INC,.043461,.0099867,.0033252,.017805,.00374274,.0150575,.0174642,ENAHO,N,2010-2022
CRI,2019,FALSE,INC,.0395138,.0054789,.0028693,.0147982,.00428369,.0105714,.0116377,ENAHO,N,2010-2022
CRI,2020,FALSE,INC,.033989,.0050996,.0010459,.0138532,.00090489,.0229133,.0233576,ENAHO,N,2010-2022
CRI,2021,FALSE,INC,.036507,.0045229,.0026144,.0155786,.00252125,.0124219,.0132034,ENAHO,N,2010-2022
CRI,2022,FALSE,INC,.0388042,.0037931,.0016415,.0123075,.00215021,.0088687,.0100342,ENAHO,N,2010-2022
CYP,2008,FALSE,INC,.0282538,,0,,0,.0000847,.0283385,EU-SILC,N,2004-2021
CYP,2009,FALSE,INC,.0234006,,0,,0,.0011196,.0245203,EU-SILC,N,2004-2021
CYP,2010,FALSE,INC,.0252044,,0,.0115129,.01108682,.0003667,.0255711,EU-SILC,N,2004-2021
CYP,2011,FALSE,INC,.0203617,,0,.0094176,.0093652,.0000805,.0204031,EU-SILC,N,2004-2021
CYP,2012,FALSE,INC,.0186777,,0,.0106855,.01021076,.0000424,.0186777,EU-SILC,N,2004-2021
CYP,2013,FALSE,INC,.0181438,,0,.0102652,.00995347,.0009702,.0190619,EU-SILC,N,2004-2021
CYP,2014,FALSE,INC,.0148173,,0,.0086624,.00868192,.0007833,.0156006,EU-SILC,N,2004-2021
CYP,2015,FALSE,INC,.0157516,,0,.0071037,.00727763,.000268,.0160196,EU-SILC,N,2004-2021
CYP,2016,FALSE,INC,.0149189,,0,.0055901,.00582942,.0004115,.0153303,EU-SILC,N,2004-2021
CYP,2017,FALSE,INC,.0135509,,0,.0050989,.00541957,.0003283,.0138792,EU-SILC,N,2004-2021
CYP,2018,FALSE,INC,.012611,,0,.0045828,.00481345,.0001651,.0127761,EU-SILC,N,2004-2021
CYP,2019,FALSE,INC,.0107967,,0,.0044368,.00458467,.0015383,.012335,EU-SILC,N,2004-2021
CYP,2020,FALSE,INC,.0105725,,0,,0,.0001264,.010699,EU-SILC,N,2004-2021
CYP,2021,FALSE,INC,.0091204,,0,,0,.000053,.0091734,EU-SILC,N,2004-2021
CZE,2008,FALSE,INC,0,,0,,0,.0004055,.0004055,EU-SILC,N,2004-2021
CZE,2009,FALSE,INC,0,,0,,0,.0003438,.0003438,EU-SILC,N,2004-2021
CZE,2010,FALSE,INC,.0001462,,0,.0065816,.00528367,.0003937,.0005399,EU-SILC,N,2004-2021
CZE,2011,FALSE,INC,.000174,,0,.0094203,.00609462,.0005494,.0007234,EU-SILC,N,2004-2021
CZE,2012,FALSE,INC,.0001623,,0,.0091508,.00457192,.0006245,.0007869,EU-SILC,N,2004-2021
CZE,2013,FALSE,INC,.0001395,,0,.0070362,.00295403,.0005318,.0006713,EU-SILC,N,2004-2021
CZE,2014,FALSE,INC,0,,0,.0055627,.00278433,.0005439,.0005439,EU-SILC,N,2004-2021
CZE,2015,FALSE,INC,0,,0,.0046641,.00296002,.0003945,.0003945,EU-SILC,N,2004-2021
CZE,2016,FALSE,INC,.0000302,,0,.0039478,.0026954,.0003958,.000426,EU-SILC,N,2004-2021
CZE,2017,FALSE,INC,.0000294,,0,.0052107,.0032656,.0005615,.0005909,EU-SILC,N,2004-2021
CZE,2018,FALSE,INC,.0000326,,0,.0044543,.00226131,.0001169,.0001495,EU-SILC,N,2004-2021
CZE,2019,FALSE,INC,.0000202,,0,.0028146,.00170929,.0001461,.0001663,EU-SILC,N,2004-2021
CZE,2020,FALSE,INC,0,,0,,0,.000329,.000329,EU-SILC,N,2004-2021
CZE,2021,FALSE,INC,.0003081,,0,,0,.0010753,.0013835,EU-SILC,N,2004-2021
DEU,2010,FALSE,INC,.0095073,.0269035,0,0,,.0009203,.0013354,GSOEP-LIS,N,1991-2019
DEU,2011,FALSE,INC,.0089131,.030374,0,0,,.0007447,.0010895,GSOEP-LIS,N,1991-2019
DEU,2012,FALSE,INC,.0140284,.0270137,0,0,,.000593,.0011877,GSOEP-LIS,N,1991-2019
DEU,2013,FALSE,INC,.014993,.0254852,0,0,,.0005214,.0011273,GSOEP-LIS,N,1991-2019
DEU,2014,FALSE,INC,.0160876,.0231677,0,0,,.0009167,.0025844,GSOEP-LIS,N,1991-2019
DEU,2015,FALSE,INC,.0135546,.0213045,0,0,,.0008297,.0009479,GSOEP-LIS,N,1991-2019
DEU,2017,FALSE,INC,.0249626,.0214265,0,0,,.0015606,.0022348,GSOEP-LIS,N,1991-2019
DEU,2018,FALSE,INC,.0225151,.0254822,0,0,,.0008187,.001656,GSOEP-LIS,N,1991-2019
DEU,2019,FALSE,INC,.0185274,.0265945,0,0,,.0009203,.0015112,GSOEP-LIS,N,1991-2019
DJI,2012,FALSE,CONS,.3304634,.2642785,.4540701,.5959068,.06966554,.1969191,.3375436,EDAM,N,2012
DJI,2017,FALSE,CONS,.3006055,.1804311,.3418616,.4538531,.070786,.1910611,.2927904,EDAM,N,2017
DNK,2008,FALSE,INC,.0217869,,0,0,.00712982,.0141595,.0355872,EU-SILC,N,2003-2021
DNK,2009,FALSE,INC,.0169522,,0,0,.00826742,.0128527,.029333,EU-SILC,N,2003-2021
DNK,2010,FALSE,INC,.0112323,,0,.005543,.02399119,.0065698,.0178021,EU-SILC,N,2003-2021
DNK,2011,FALSE,INC,.0107415,,0,.0035982,.02437511,.0050697,.0152664,EU-SILC,N,2003-2021
DNK,2012,FALSE,INC,.0130971,,0,.0062336,.02037274,.006642,.017987,EU-SILC,N,2003-2021
DNK,2013,FALSE,INC,.0138977,,0,.004775,.02242411,.009324,.021923,EU-SILC,N,2003-2021
DNK,2014,FALSE,INC,.0185202,,0,.005641,.02164355,.0054253,.0232142,EU-SILC,N,2003-2021
DNK,2015,FALSE,INC,.0090638,,0,.0055741,.02361005,.0055529,.0139747,EU-SILC,N,2003-2021
DNK,2016,FALSE,INC,.0035656,,0,.0050015,.02036948,.005815,.0093806,EU-SILC,N,2003-2021
DNK,2017,FALSE,INC,.0041903,,0,.0040429,.01870271,.0049094,.0088459,EU-SILC,N,2003-2021
DNK,2018,FALSE,INC,.0028163,,0,.0027315,.01761246,.0060666,.0088719,EU-SILC,N,2003-2021
DNK,2019,FALSE,INC,.004651,,0,.0048648,.02025226,.0049921,.0094689,EU-SILC,N,2003-2021
DNK,2020,FALSE,INC,.0063026,,0,,0,.005631,.0118417,EU-SILC,N,2003-2021
DNK,2021,FALSE,INC,.0061792,,0,,0,.0035999,.009464,EU-SILC,N,2003-2021
DOM,2010,FALSE,INC,.178253,.0276491,.0123526,.0325147,.22495549,.0386921,.0619622,ENFT,N,2005-2016
DOM,2011,FALSE,INC,.1651027,.0261362,.0137243,.0282801,.24806147,.0405529,.0653587,ENFT,N,2005-2016
DOM,2012,FALSE,INC,.1605236,.0238549,.0110225,.0306647,.23833665,.0384886,.0585637,ENFT,N,2005-2016
DOM,2013,FALSE,INC,.1549645,.0161364,.0100437,.0354616,.24079588,.0297182,.0512479,ENFT,N,2005-2016
DOM,2014,FALSE,INC,.1470977,.0210965,.0083291,.0239515,.22416404,.0335593,.0506051,ENFT,N,2005-2016
DOM,2015,FALSE,INC,.134928,.0168657,.0076356,.0240716,.21554396,.0253499,.0413301,ENFT,N,2005-2016
DOM,2016,FALSE,INC,.1336485,.0162341,.0054041,.0204102,.17621737,.0203017,.035489,ENFT,N,2005-2016
DOM,2017,FALSE,INC,.1356993,.05707,.0087611,.0697036,.04784747,.0100155,.0279818,ECNFT-Q03,N,2017-2022
DOM,2018,FALSE,INC,.1436107,.0379973,.0086168,.0671282,.05505968,.0083553,.0242865,ECNFT-Q03,N,2017-2022
DOM,2019,FALSE,INC,.124426,.0627136,.0069274,.0649556,.05852424,.0083269,.0241235,ECNFT-Q03,N,2017-2022
DOM,2020,FALSE,INC,.1309988,.0882303,.0060551,.0566508,.05159367,.0095942,.0286232,ECNFT-Q03,N,2017-2022
DOM,2021,FALSE,INC,.1217747,.0542305,.00475,.0552895,.04678269,.0085373,.0181327,ECNFT-Q03,N,2017-2022
DOM,2022,FALSE,INC,.13156,.0633692,.0034873,.051543,.05142553,.0075718,.0204203,ECNFT-Q03,N,2017-2022
ECU,2010,FALSE,INC,.0670911,.0372442,.0259582,.0494209,.05231005,.056782,.0680383,ENEMDU,N,2007-2022
ECU,2011,FALSE,INC,.0694189,.0269144,.0293391,.0446734,.07672475,.046692,.0579746,ENEMDU,N,2007-2022
ECU,2012,FALSE,INC,.0677912,.0259711,.0290307,.0391672,.06666833,.0446314,.0551285,ENEMDU,N,2007-2022
ECU,2013,FALSE,INC,.0584203,.0238757,.0198291,.0393825,.05348556,.0324109,.0413324,ENEMDU,N,2007-2022
ECU,2014,FALSE,INC,.0466672,.0197054,.0096197,.0369456,.04284007,.0263561,.0322439,ENEMDU,N,2007-2022
ECU,2015,FALSE,INC,.0453295,.0172834,.0129366,.0357022,.03699141,.0344007,.0402405,ENEMDU,N,2007-2022
ECU,2016,FALSE,INC,.0411987,.0167266,.0124876,.0327774,.03588669,.0357503,.0420498,ENEMDU,N,2007-2022
ECU,2017,FALSE,INC,.0440084,.0202395,.0084296,.0357589,.03930899,.0321325,.0374026,ENEMDU,N,2007-2022
ECU,2018,FALSE,INC,.0378774,.0233159,.011665,.0309428,.04363378,.0331149,.038282,ENEMDU,N,2007-2022
ECU,2019,FALSE,INC,.0387778,.0286753,.0137167,.0360153,.04660689,.0358358,.0417845,ENEMDU,N,2007-2022
ECU,2020,FALSE,INC,.0375903,.0225078,.0281104,.0480553,.05790505,.0651925,.070696,ENEMDU,N,2007-2022
ECU,2021,FALSE,INC,.0296283,.0233982,.0161103,.0499795,.03688032,.0358318,.0425216,ENEMDU,N,2007-2022
ECU,2022,FALSE,INC,.0308208,.0174981,.0310319,.0631597,.05262059,.0318079,.0404004,ENEMDU,N,2007-2022
EGY,2010,FALSE,CONS,.1417585,.0824724,.0042874,,,.0103731,.0345262,HIECS,N,2010-2017
EGY,2012,FALSE,CONS,.1414519,.0715666,.0028232,.1142521,.01078383,.0089008,.0291022,HIECS,N,2010-2017
EGY,2015,FALSE,CONS,.1149034,.0632093,.007426,.0403927,.04387319,.0090603,.0262304,HIECS,N,2010-2017
EGY,2017,FALSE,CONS,.1064093,.0419824,.0054939,.0315751,.00760452,.0250485,.0345399,HIECS,N,2010-2017
EGY,2019,FALSE,CONS,.0988096,.0365228,.0015744,.0238988,.0026103,.0146701,.0228992,HIECS,N,2019
ESP,2008,FALSE,INC,.0212451,,0,.0000744,.00008571,.0096052,.0305494,EU-SILC,N,2003-2021
ESP,2009,FALSE,INC,.0205262,,0,0,.00001919,.0123834,.0323055,EU-SILC,N,2003-2021
ESP,2010,FALSE,INC,.0240661,,0,.0001062,.00016972,.0107812,.0343668,EU-SILC,N,2003-2021
ESP,2011,FALSE,INC,.0192514,,0,.0006939,.0006649,.0154812,.0345461,EU-SILC,N,2003-2021
ESP,2012,FALSE,INC,.0169065,,0,.000848,.00085233,.0134484,.0301295,EU-SILC,N,2003-2021
ESP,2013,FALSE,INC,.0401022,,0,.0012665,.00132615,.0155251,.0547896,EU-SILC,N,2003-2021
ESP,2014,FALSE,INC,.0430885,,0,.0007357,.00086689,.0129127,.0557764,EU-SILC,N,2003-2021
ESP,2015,FALSE,INC,.0400101,,0,.0030859,.00343632,.0110033,.0499139,EU-SILC,N,2003-2021
ESP,2016,FALSE,INC,.0345445,,0,.0009479,.00113573,.0133252,.0475165,EU-SILC,N,2003-2021
ESP,2017,FALSE,INC,.0335993,,0,.002047,.00161746,.0089483,.0421247,EU-SILC,N,2003-2021
ESP,2018,FALSE,INC,.0300704,,0,.0039902,.00264483,.0097566,.0391771,EU-SILC,N,2003-2021
ESP,2019,FALSE,INC,.0272235,,0,.0043717,.00242901,.0089514,.035629,EU-SILC,N,2003-2021
ESP,2020,FALSE,INC,.0319203,,0,,0,.0113124,.0421925,EU-SILC,N,2003-2021
ESP,2021,FALSE,INC,.0280566,,0,,0,.0072908,.0349293,EU-SILC,N,2003-2021
EST,2008,FALSE,INC,.0006778,,0,,0,.0050496,.0057274,EU-SILC,N,2003-2021
EST,2009,FALSE,INC,.000838,,0,,0,.0073477,.0081858,EU-SILC,N,2003-2021
EST,2010,FALSE,INC,.0004097,,0,.0961449,.10454104,.0095353,.009945,EU-SILC,N,2003-2021
EST,2011,FALSE,INC,.0006601,,0,.086314,.09504277,.0120998,.01276,EU-SILC,N,2003-2021
EST,2012,FALSE,INC,.0007272,,0,.0798302,.09150984,.0100296,.0106874,EU-SILC,N,2003-2021
EST,2013,FALSE,INC,.0006877,,0,.0723885,.08172883,.0109334,.0115372,EU-SILC,N,2003-2021
EST,2014,FALSE,INC,.0006804,,0,.0688473,.07315878,.0105041,.0111845,EU-SILC,N,2003-2021
EST,2015,FALSE,INC,.0005811,,0,.0687002,.07524483,.0084603,.0089852,EU-SILC,N,2003-2021
EST,2016,FALSE,INC,.0001527,,0,.0613062,.0701305,.0070253,.007178,EU-SILC,N,2003-2021
EST,2017,FALSE,INC,.0003307,,0,.0527906,.06582208,.0045442,.0048749,EU-SILC,N,2003-2021
EST,2018,FALSE,INC,.0000932,,0,.0473309,.05827462,.0050336,.0051268,EU-SILC,N,2003-2021
EST,2019,FALSE,INC,.0008024,,0,.0394915,.05163249,.0070524,.0078548,EU-SILC,N,2003-2021
EST,2020,FALSE,INC,.0002788,,0,,0,.0057321,.0060108,EU-SILC,N,2003-2021
EST,2021,FALSE,INC,.0005489,,0,,0,.0048971,.005446,EU-SILC,N,2003-2021
ETH,2010,FALSE,CONS,.7238917,.3798157,.8252793,.9556448,.50550396,.3075094,.8174623,HICES,N,1995-2015
ETH,2015,FALSE,CONS,.6669215,.3120176,.6413907,.958977,.42663593,.2694903,.7270462,HICES,N,1995-2015
FIN,2008,FALSE,INC,.0072506,,0,,0,.0006468,.007827,EU-SILC,N,2003-2021
FIN,2009,FALSE,INC,.0076858,,0,,0,.0007017,.0083875,EU-SILC,N,2003-2021
FIN,2010,FALSE,INC,.0072102,,0,.007358,.00840227,.0009349,.0081258,EU-SILC,N,2003-2021
FIN,2011,FALSE,INC,.0062122,,0,.0062372,.00735599,.0007566,.0069688,EU-SILC,N,2003-2021
FIN,2012,FALSE,INC,.0077739,,0,.0057686,.00676209,.0007818,.0085557,EU-SILC,N,2003-2021
FIN,2013,FALSE,INC,.007592,,0,.0061471,.00724028,.0008918,.0083438,EU-SILC,N,2003-2021
FIN,2014,FALSE,INC,.0090031,,0,.0052708,.00790016,.0006882,.0096913,EU-SILC,N,2003-2021
FIN,2015,FALSE,INC,.0088449,,0,.0050435,.00744232,.0007021,.0093741,EU-SILC,N,2003-2021
FIN,2016,FALSE,INC,.0135937,,0,.0044474,.00544176,.0005599,.0141536,EU-SILC,N,2003-2021
FIN,2017,FALSE,INC,.014877,,0,.003862,.00351166,.0007103,.0155873,EU-SILC,N,2003-2021
FIN,2018,FALSE,INC,.009843,,0,.003364,.00344308,.0007591,.0105118,EU-SILC,N,2003-2021
FIN,2019,FALSE,INC,.0093905,,0,.0032836,.00301717,.0004968,.0098736,EU-SILC,N,2003-2021
FIN,2020,FALSE,INC,.0132359,,0,,0,.0003678,.0136038,EU-SILC,N,2003-2021
FIN,2021,FALSE,INC,.0150218,,0,,0,.0003817,.015318,EU-SILC,N,2003-2021
FJI,2013,FALSE,CONS,.007732,.0143317,.099983,.0323079,.07814349,.0036355,.0059118,HIES,N,2002-2013
FJI,2019,FALSE,CONS,.006493,.0190718,.0452089,.0506945,.12006633,.0131827,.0160165,HIES,N,2019
FRA,2008,FALSE,INC,.0059307,,0,,0,.0005596,.0064903,EU-SILC,N,2003-2021
FRA,2009,FALSE,INC,.0051755,,0,,0,.0013366,.0065121,EU-SILC,N,2003-2021
FRA,2010,FALSE,INC,.0063274,,0,.0062939,.00560907,.0015221,.0078496,EU-SILC,N,2003-2021
FRA,2011,FALSE,INC,.0059979,,0,.0054487,.00486855,.0009214,.0069193,EU-SILC,N,2003-2021
FRA,2012,FALSE,INC,.0046254,,0,.0054216,.00534189,.0013661,.0059915,EU-SILC,N,2003-2021
FRA,2013,FALSE,INC,.0103966,,0,.0047285,.00526027,.0008853,.0112819,EU-SILC,N,2003-2021
FRA,2014,FALSE,INC,.0104283,,0,.0045239,.00536774,.000723,.0111513,EU-SILC,N,2003-2021
FRA,2015,FALSE,INC,.0106966,,0,.0057574,.00580831,.002128,.0128247,EU-SILC,N,2003-2021
FRA,2016,FALSE,INC,.0169059,,0,.0062309,.00614071,.0014829,.0183702,EU-SILC,N,2003-2021
FRA,2017,FALSE,INC,.014695,,0,.0050663,.00564535,.0010806,.0157518,EU-SILC,N,2003-2021
FRA,2018,FALSE,INC,.0161154,,0,.0047062,.00521597,.0006799,.0167953,EU-SILC,N,2003-2021
FRA,2019,FALSE,INC,.0059036,,0,.0065155,.00477711,.0028843,.0087879,EU-SILC,N,2003-2021
FRA,2020,FALSE,INC,.0092502,,0,,0,.0032552,.0125054,EU-SILC,N,2003-2021
FRA,2021,FALSE,INC,.013662,,0,,0,.0024115,.0160487,EU-SILC,N,2003-2021
FSM,2013,FALSE,CONS,.0560883,.1303952,.2363112,.4282068,.05221028,.1602844,.1996891,HIES,N,2013
GAB,2017,FALSE,CONS,.1134805,.0790084,.085717,.6816132,.11506036,.0246887,.0836343,EGEP,N,2017
GEO,2010,FALSE,CONS,.0241804,.0314078,0,.0808973,.04926139,.1437787,.1451586,HIS,N,1998-2021
GEO,2011,FALSE,CONS,.0046885,.0230071,.0001021,.0631343,.05158307,.1340154,.1343319,HIS,N,1998-2021
GEO,2012,FALSE,CONS,.0037444,,0,.0639879,.05572346,.1066622,.1100119,HIS,N,1998-2021
GEO,2013,FALSE,CONS,.0018471,.0094932,0,.0641537,.06420749,.0807872,.0810329,HIS,N,1998-2021
GEO,2014,FALSE,CONS,.0019504,.009153,0,.0568238,.06421988,.0612704,.0612704,HIS,N,1998-2021
GEO,2015,FALSE,CONS,.0008595,.0088644,0,.067151,.06027005,.0487949,.0489266,HIS,N,1998-2021
GEO,2016,FALSE,CONS,.0005346,.0100427,0,.0669545,.06657855,.0491337,.0495834,HIS,N,1998-2021
GEO,2017,FALSE,CONS,.0010217,.0089077,0,.0885996,.08463933,.0622987,.062576,HIS,N,1998-2021
GEO,2018,FALSE,CONS,.0003372,.0113114,0,.0895221,.08648965,.0555908,.0559895,HIS,N,1998-2021
GEO,2019,FALSE,CONS,.0003692,.0073804,0,.10004,.06957441,.0484863,.0484863,HIS,N,1998-2021
GEO,2020,FALSE,CONS,.0008323,.011797,0,.0953712,.0570186,.0580687,.0582521,HIS,N,1998-2021
GEO,2021,FALSE,CONS,.0002434,.0114213,0,.0891728,.05356134,.0548503,.0549365,HIS,N,1998-2021
GHA,2012,FALSE,CONS,.1707998,.0856232,.3355024,.4309583,.13649597,.2568997,.3319044,GLSS-VI,N,1991-2016
GHA,2016,FALSE,CONS,.1508409,.0901443,.1948613,.7990059,.40798169,.2520855,.3277386,GLSS-VII,N,1991-2016
GIN,2012,FALSE,CONS,.5373248,.4555881,.7489368,.6565675,.3124659,.2454415,.6447789,ELEP,N,2007-2012
GIN,2018,FALSE,CONS,.6126927,.2499203,.563773,.7114408,.20953956,.138201,.5169757,EHCVM,N,2018
GMB,2015,FALSE,CONS,.2989102,.0614991,.079665,.5820759,.08216503,.1338207,.1834154,IHS,N,2015-2020
GNB,2010,FALSE,CONS,.4393637,.4346387,.9390085,.6576735,.36354778,.6668512,.8156247,ILAP-II,N,2010
GNB,2018,FALSE,CONS,.4101345,.3012317,.4214778,.6304652,.21616035,.2166049,.4612686,EHCVM,N,2018-2021
GNB,2021,FALSE,CONS,1,0,.2758675,.6036286,.20897064,.2596286,.4729967,EHCVM,N,2018-2021
GRC,2008,FALSE,INC,.0282056,,0,,0,.0087899,.0368261,EU-SILC,N,2003-2021
GRC,2009,FALSE,INC,.0274114,,0,,0,.0088108,.0358749,EU-SILC,N,2003-2021
GRC,2010,FALSE,INC,.0229007,,0,.0089603,.01314676,.0147013,.037602,EU-SILC,N,2003-2021
GRC,2011,FALSE,INC,.0233928,,0,.0051505,.00700224,.0222844,.0456772,EU-SILC,N,2003-2021
GRC,2012,FALSE,INC,.025608,,0,.00656,.00920566,.0208653,.0464335,EU-SILC,N,2003-2021
GRC,2013,FALSE,INC,.0262191,,0,.0048367,.0073022,.0107214,.0366752,EU-SILC,N,2003-2021
GRC,2014,FALSE,INC,.0224013,,0,.0046195,.00470709,.0210694,.0432286,EU-SILC,N,2003-2021
GRC,2015,FALSE,INC,.0224451,,0,.0039572,.00448477,.018712,.0409598,EU-SILC,N,2003-2021
GRC,2016,FALSE,INC,.0217565,,0,.003113,.00529675,.0163847,.0375349,EU-SILC,N,2003-2021
GRC,2017,FALSE,INC,.0171042,,0,.0028546,.00536112,.0119668,.0289566,EU-SILC,N,2003-2021
GRC,2018,FALSE,INC,.017554,,0,.0029324,.00448902,.0069409,.0243824,EU-SILC,N,2003-2021
GRC,2019,FALSE,INC,.020168,,0,.0026475,.00132991,.0102318,.0301853,EU-SILC,N,2003-2021
GRC,2020,FALSE,INC,.0178099,,0,,0,.01842,.0359333,EU-SILC,N,2003-2021
GRC,2021,FALSE,INC,.0167915,,0,,0,.0103634,.0268261,EU-SILC,N,2003-2021
GRD,2018,FALSE,CONS,.0254232,.0019915,.0754291,.1076406,.02018873,.003179,.0071985,SLCHB,N,2018
GTM,2014,FALSE,INC,.2483111,.1833356,.1653155,.467094,.08436536,.095213,.2221998,ENCOVI,N,2000-2014
HND,2010,FALSE,INC,.1623971,.1272924,.2101842,.1059752,.09274737,.138022,.1899418,EPHPM,N,2001-2010
HND,2011,FALSE,INC,.1441956,.1368137,.1943239,.1060527,.0827963,.1432309,.2003369,EPHPM,N,2011-2019
HND,2012,FALSE,INC,.1504211,.1324148,.1789925,.1137322,.08736352,.169927,.2188069,EPHPM,N,2011-2019
HND,2013,FALSE,INC,.1398782,.1636556,.1361977,.0970239,.08932514,.145685,.1913214,EPHPM,N,2011-2019
HND,2014,FALSE,INC,.1351091,.1431706,.1390644,.1107808,.0988095,.1328218,.1871612,EPHPM,N,2011-2019
HND,2015,FALSE,INC,.123907,.1189348,.1239945,.1108377,.08946021,.1297755,.1709462,EPHPM,N,2011-2019
HND,2016,FALSE,INC,.1152546,.102707,.1027714,.0919246,.08383402,.1460698,.1781903,EPHPM,N,2011-2019
HND,2017,FALSE,INC,.1180275,.1055059,.092934,.0949092,.08710232,.1385552,.1686332,EPHPM,N,2011-2019
HND,2018,FALSE,INC,.122087,.1214404,.0843315,.074007,.07975093,.1423357,.1703924,EPHPM,N,2011-2019
HND,2019,FALSE,INC,.1012588,.099755,.067448,.0581014,.05680016,.1264766,.1478246,EPHPM,N,2011-2019
HRV,2009,FALSE,INC,.00543,,0,,0,.008701,.0139763,EU-SILC,N,2009-2021
HRV,2010,FALSE,INC,.003933,,0,.017391,.01467435,.0124242,.0162202,EU-SILC,N,2009-2021
HRV,2011,FALSE,INC,.0026141,,0,.0247215,.02153697,.0070352,.0094834,EU-SILC,N,2009-2021
HRV,2012,FALSE,INC,.0025813,,0,.0172772,.01806158,.0082872,.0107258,EU-SILC,N,2009-2021
HRV,2013,FALSE,INC,.0026054,,0,.0196227,.01873726,.0077235,.0103054,EU-SILC,N,2009-2021
HRV,2014,FALSE,INC,.0023851,,0,.0193795,.01705796,.0100135,.0122896,EU-SILC,N,2009-2021
HRV,2015,FALSE,INC,.0021145,,0,.0173627,.01635168,.0064282,.0085155,EU-SILC,N,2009-2021
HRV,2016,FALSE,INC,.0028774,,0,.0163092,.01439141,.006722,.0095994,EU-SILC,N,2009-2021
HRV,2017,FALSE,INC,.0027271,,0,.0131211,.01221215,.0054477,.008054,EU-SILC,N,2009-2021
HRV,2018,FALSE,INC,.0025033,,0,.0114949,.00935218,.0046269,.0070261,EU-SILC,N,2009-2021
HRV,2019,FALSE,INC,.0026096,,0,.0141397,.00855123,.0029323,.0055419,EU-SILC,N,2009-2021
HRV,2020,FALSE,INC,.0014613,,0,,0,.0033399,.0048012,EU-SILC,N,2009-2021
HRV,2021,FALSE,INC,.0014539,,0,,0,.0034966,.0049505,EU-SILC,N,2009-2021
HTI,2012,FALSE,CONS,.2318354,.09,.643115,.6879549,.33499055,.2919219,.4684352,ECVMAS,N,2012
HUN,2008,FALSE,INC,0,,0,.0710822,.04214118,.0003522,.0003522,EU-SILC,N,2004-2021
HUN,2009,FALSE,INC,.0001268,,0,,0,.0007643,.0008911,EU-SILC,N,2004-2021
HUN,2010,FALSE,INC,.0003771,,0,.0500671,.04276773,.0012282,.0016053,EU-SILC,N,2004-2021
HUN,2011,FALSE,INC,.0000732,,0,.0520171,.04430295,.0010842,.0011574,EU-SILC,N,2004-2021
HUN,2012,FALSE,INC,.0001346,,0,.0525076,.04289735,.0036741,.0038088,EU-SILC,N,2004-2021
HUN,2013,FALSE,INC,.0000608,,0,.0532501,.04283246,.001803,.0018638,EU-SILC,N,2004-2021
HUN,2014,FALSE,INC,.0004494,,0,.0393888,.03646012,.0069423,.0073546,EU-SILC,N,2004-2021
HUN,2015,FALSE,INC,.0007701,,0,.0431806,.04096457,.0092763,.0100464,EU-SILC,N,2004-2021
HUN,2016,FALSE,INC,.0002573,,0,.0389793,.03522541,.0213971,.0216544,EU-SILC,N,2004-2021
HUN,2017,FALSE,INC,.0003626,,0,.0382011,.03557678,.0068059,.0071685,EU-SILC,N,2004-2021
HUN,2018,FALSE,INC,.000277,,0,.0302265,.02776981,.0039329,.0042099,EU-SILC,N,2004-2021
HUN,2019,FALSE,INC,.0004551,,0,.0156405,.01554604,.0034447,.0038998,EU-SILC,N,2004-2021
HUN,2020,FALSE,INC,.0000416,,0,,0,.0049656,.0050072,EU-SILC,N,2004-2021
HUN,2021,FALSE,INC,.0002955,,0,,0,.0060802,.0063758,EU-SILC,N,2004-2021
IDN,2015,FALSE,CONS,.0591419,.0186074,.0245914,.2860991,.10319454,.0838156,.1020356,SUSENAS,N,2015-2023
IDN,2016,FALSE,CONS,.0498582,.0173745,.0238411,.2701522,.10677769,.0761349,.0923296,SUSENAS,N,2015-2023
IDN,2017,FALSE,CONS,.0432832,.0168341,.0185993,.2470706,.09275551,.0667326,.0795419,SUSENAS,N,2015-2023
IDN,2018,FALSE,CONS,.0495755,.0157309,.0151199,.2085484,.08886416,.0544402,.0667902,SUSENAS,N,2015-2023
IDN,2019,FALSE,CONS,.0426835,.0114927,.0113445,.0816444,.07971335,.0438339,.051196,SUSENAS,N,2015-2023
IDN,2020,FALSE,CONS,.0369078,.0141433,.0101309,.1404594,.07378456,.0384678,.045657,SUSENAS,N,2015-2023
IDN,2021,FALSE,CONS,.0382179,.0124424,.0076112,.115564,.06501777,.0355619,.0414106,SUSENAS,N,2015-2023
IDN,2022,FALSE,CONS,.0298129,.0133156,.005987,.1152951,.05987979,.0247832,.0297989,SUSENAS,N,2015-2023
IDN,2023,FALSE,CONS,.0285481,.0127677,.0059636,.1172731,.05528788,.0188431,.0228916,SUSENAS,N,2015-2023
IRL,2008,FALSE,INC,.0184621,,0,.0028012,.00598744,.0018466,.0198843,EU-SILC,N,2003-2021
IRL,2009,FALSE,INC,.0165468,,0,.0023903,.00905012,.0071212,.0234428,EU-SILC,N,2003-2021
IRL,2010,FALSE,INC,.0206856,,0,.0435807,.05497797,.0054276,.0261132,EU-SILC,N,2003-2021
IRL,2012,FALSE,INC,.0139645,,0,.021438,.01615764,.0035901,.0168714,EU-SILC,N,2003-2021
IRL,2013,FALSE,INC,.0075575,,0,.0012133,.00308835,.0071265,.014651,EU-SILC,N,2003-2021
IRL,2014,FALSE,INC,.0064679,,0,.0011936,.0023191,.0043823,.0104553,EU-SILC,N,2003-2021
IRL,2015,FALSE,INC,.0075858,,0,.0021127,.00283507,.0036763,.0112621,EU-SILC,N,2003-2021
IRL,2016,FALSE,INC,.0062337,,0,.0011016,.00159429,.0013473,.0075318,EU-SILC,N,2003-2021
IRL,2017,FALSE,INC,.0037876,,0,.0034313,.00055003,.002432,.0061617,EU-SILC,N,2003-2021
IRL,2018,FALSE,INC,.0068606,,0,.0018203,.00214791,.0000392,.0068999,EU-SILC,N,2003-2021
IRL,2019,FALSE,INC,.0031996,,0,.002105,.00137113,.0005801,.0037797,EU-SILC,N,2003-2021
IRL,2020,FALSE,INC,.0028732,,0,,,.0014431,.0042317,EU-SILC,N,2003-2021
IRL,2021,FALSE,INC,.157945,,0,,,.0031767,.1605636,EU-SILC,N,2003-2021
IRN,2011,FALSE,CONS,,.0164961,.0011947,.0590766,.02401531,.0050417,.0218546,HEIS,N,2005-2022
IRN,2012,FALSE,CONS,,.0133091,.0007424,.0469329,.01779245,.0025401,.0162569,HEIS,N,2005-2022
IRN,2013,FALSE,CONS,,.0137823,.0011531,.0416131,.02438489,.002881,.0169636,HEIS,N,2005-2022
IRN,2014,FALSE,CONS,.0435033,.0122367,.0003351,.0349706,.01982258,.0061637,.008584,HEIS,N,2005-2022
IRN,2015,FALSE,CONS,.0543475,.0097418,.0002674,,,.0074427,.0086188,HEIS,N,2005-2022
IRN,2016,FALSE,CONS,.0553057,.0102512,.0002717,.0238879,.01627115,.0069329,.0092129,HEIS,N,2005-2022
IRN,2017,FALSE,CONS,.0441654,.0096539,.0002988,.0198942,.01564965,.0032945,.0050649,HEIS,N,2005-2022
IRN,2018,FALSE,CONS,.0426282,.0096635,.0003476,.0221909,.01789446,.0067121,.0082789,HEIS,N,2005-2022
IRN,2019,FALSE,CONS,.0413795,.0079152,.0001324,.0194846,.01565102,.0072634,.0082824,HEIS,N,2005-2022
IRN,2020,FALSE,CONS,.0394354,.00823,.0002552,.0165255,.01364418,.0081144,.0092421,HEIS,N,2005-2022
IRN,2021,FALSE,CONS,.0401939,.0080588,.0000949,.0124686,.01244237,.0065238,.0077602,HEIS,N,2005-2022
IRN,2022,FALSE,CONS,.0418022,.0079314,.0000593,.012742,.0128033,.0046845,.0054058,HEIS,N,2005-2022
IRQ,2012,FALSE,CONS,.1355329,.2269003,.0006188,.0094578,.1001088,.0008875,.0554435,IHSES,N,2006-2012
ISL,2008,FALSE,INC,.0003562,,0,.0031703,.00054091,.0018615,.0022177,EU-SILC,N,2003-2017
ISL,2009,FALSE,INC,.0005297,,0,.0042871,.00056852,.0019321,.0024617,EU-SILC,N,2003-2017
ISL,2010,FALSE,INC,.0002961,,0,0,.00056155,.0038892,.0041853,EU-SILC,N,2003-2017
ISL,2011,FALSE,INC,0,,0,0,.00071566,.003163,.003163,EU-SILC,N,2003-2017
ISL,2012,FALSE,INC,.0009852,,0,0,.00131852,.0020356,.0030208,EU-SILC,N,2003-2017
ISL,2013,FALSE,INC,.0006352,,0,0,.00076327,.0027368,.003372,EU-SILC,N,2003-2017
ISL,2014,FALSE,INC,.001746,,0,0,.00071355,.0009121,.0026581,EU-SILC,N,2003-2017
ISL,2015,FALSE,INC,.0003575,,0,0,.00235108,.0012611,.0016185,EU-SILC,N,2003-2017
ISL,2016,FALSE,INC,.0003737,,0,0,0,.0028091,.0031828,EU-SILC,N,2003-2017
ISL,2017,FALSE,INC,0,,0,0,.00223037,.0019693,.0019693,EU-SILC,N,2003-2017
ISR,2010,FALSE,INC,.0134911,,0,0,,.0031421,.0166332,HES-LIS,N,1979-2021
ISR,2011,FALSE,INC,.0113345,,0,0,,.0023274,.0136619,HES-LIS,N,1979-2021
ISR,2012,FALSE,INC,.0110676,.0027746,0,0,,.0058411,.0058411,HES-LIS,N,1979-2021
ISR,2013,FALSE,INC,.0082864,.0010458,0,0,,.004087,.004087,HES-LIS,N,1979-2021
ISR,2014,FALSE,INC,.0089536,.00038,0,0,,.00436,.00436,HES-LIS,N,1979-2021
ISR,2015,FALSE,INC,.0080608,.00196,0,0,,.0038862,.0038862,HES-LIS,N,1979-2021
ISR,2016,FALSE,INC,.0070468,.000635,0,0,,.0015906,.0015906,HES-LIS,N,1979-2021
ISR,2017,FALSE,INC,.0073789,,0,0,,.0045733,.0117751,HES-LIS,N,1979-2021
ISR,2018,FALSE,INC,.0065291,,0,0,,.0040713,.0106004,HES-LIS,N,1979-2021
ISR,2019,FALSE,INC,.0051864,.0033095,0,0,,.0062792,.0062792,HES-LIS,N,1979-2021
ISR,2020,FALSE,INC,.004276,.0073099,0,0,,.0054621,.0054621,HES-LIS,N,1979-2021
ISR,2021,FALSE,INC,.0056053,.0053606,0,0,,.0034777,.0034777,HES-LIS,N,1979-2021
ITA,2008,FALSE,INC,.0163666,,0,,0,.0085356,.0248433,EU-SILC,N,2003-2021
ITA,2009,FALSE,INC,.0164541,,0,,0,.0115016,.0278373,EU-SILC,N,2003-2021
ITA,2010,FALSE,INC,.0206109,,0,.0044315,.00507353,.0140561,.0344118,EU-SILC,N,2003-2021
ITA,2011,FALSE,INC,.0160451,,0,.0055873,.00540021,.0124418,.0284228,EU-SILC,N,2003-2021
ITA,2012,FALSE,INC,.0126507,,0,.0113253,.00603529,.0151165,.0276656,EU-SILC,N,2003-2021
ITA,2013,FALSE,INC,.0129142,,0,.00761,.00369871,.0154551,.0281321,EU-SILC,N,2003-2021
ITA,2014,FALSE,INC,.010928,,0,.006302,.00403606,.015908,.0266538,EU-SILC,N,2003-2021
ITA,2015,FALSE,INC,.0155736,,0,.0041986,.00380987,.0234066,.038479,EU-SILC,N,2003-2021
ITA,2016,FALSE,INC,.0139435,,0,.0064141,.0059978,.0174033,.0310226,EU-SILC,N,2003-2021
ITA,2017,FALSE,INC,.0133189,,0,.0057726,.00480782,.0156983,.0287714,EU-SILC,N,2003-2021
ITA,2018,FALSE,INC,.0132308,,0,.0078338,.0074867,.015949,.0285207,EU-SILC,N,2003-2021
ITA,2019,FALSE,INC,.0140302,,0,.0069286,.00748334,.0112756,.0248787,EU-SILC,N,2003-2021
ITA,2020,FALSE,INC,.0147863,,0,,0,.0096796,.0236221,EU-SILC,N,2003-2021
ITA,2021,FALSE,INC,.0161342,,0,,0,.0093007,.0247836,EU-SILC,N,2003-2021
JAM,2018,FALSE,CONS,.0168732,.0032222,.0267008,.1231397,.0539901,.0004321,.0032893,JSLC,N,2018-2021
JAM,2021,FALSE,CONS,.015592,.0076616,.0276847,.0884915,.04884356,.0009759,.0071538,JSLC,N,2018-2021
JOR,2010,FALSE,CONS,.0182536,.0298791,0,0,.00241221,.0004085,.0025474,HEIS,N,2008-2010
JPN,2010,FALSE,INC,.0870935,.001612,0,0,,.0011597,.0011597,JHPS-LIS,N,2008-2013
JPN,2013,FALSE,INC,.0882682,.004703,0,0,,.0068736,.0080507,JHPS-LIS,N,2008-2013
KAZ,2011,FALSE,CONS,.0001711,,0,,,.0007109,.000882,HBS,N,2005-2021
KAZ,2012,FALSE,CONS,.0000665,,0,,,.0003842,.0004507,HBS,N,2005-2021
KAZ,2013,FALSE,CONS,0,,0,.0000926,.00375916,.0003311,.0003311,HBS,N,2005-2021
KAZ,2014,FALSE,CONS,0,,0,,,.0001928,.0001928,HBS,N,2005-2021
KAZ,2015,FALSE,CONS,0,,0,,,.0003827,.0003827,HBS,N,2005-2021
KAZ,2016,FALSE,CONS,.0000467,,0,,,.0005053,.000552,HBS,N,2005-2021
KAZ,2017,FALSE,CONS,0,,0,0,.01364739,.000415,.000415,HBS,N,2005-2021
KAZ,2018,FALSE,CONS,.0000396,,0,.0054343,.00724184,.0001514,.000191,HBS,N,2005-2021
KEN,2015,FALSE,CONS,.2252411,.0613641,.5694579,.6896279,.32194633,.293651,.4540192,IHBS,N,2005-2021
KGZ,2010,FALSE,CONS,.0011397,,.0029729,,,.0352142,.0391424,KIHS,N,2004-2021
KGZ,2011,FALSE,CONS,.0011295,,.0135925,,,.0125777,.0272599,KIHS,N,2004-2021
KGZ,2012,FALSE,CONS,.000927,,.1052458,,,.0262981,.11946,KIHS,N,2004-2021
KGZ,2013,FALSE,CONS,.0020814,,.0136594,.0049836,.10673563,.0262,.0282585,KIHS,N,2004-2021
KGZ,2015,FALSE,CONS,.0019758,,.0097996,,,.021806,.0265234,KIHS,N,2004-2021
KGZ,2016,FALSE,CONS,.0009949,,.0025799,,,.0114351,.0150016,KIHS,N,2004-2021
KGZ,2017,FALSE,CONS,.0006901,,.0002155,.0088432,.13371949,.0126857,.0133759,KIHS,N,2004-2021
KGZ,2018,FALSE,CONS,.0001137,,.0178707,.0010119,.08937669,.0073589,.0074726,KIHS,N,2004-2021
KGZ,2019,FALSE,CONS,.0002138,,.1474126,.0023817,.07754986,.0065906,.008205,KIHS,N,2004-2021
KGZ,2020,FALSE,CONS,.0000812,.0005507,0,.000881,.04648431,.0133097,.0133097,KIHS,N,2004-2021
KGZ,2021,FALSE,CONS,.0000773,.0005823,0,0,.04115745,.0071578,.0071578,KIHS,N,2004-2021
KIR,2019,FALSE,CONS,.0062584,.0596531,.1682027,.5981469,.17124287,.0167808,.0559182,HIES,N,2019
KOR,2010,FALSE,INC,0,,0,0,,.0044493,.0044493,HIES-FHES-LIS,N,2006-2016
KOR,2012,FALSE,INC,0,,0,0,,.0033156,.0033156,HIES-FHES-LIS,N,2006-2016
KOR,2014,FALSE,INC,0,,0,0,,.00259,.00259,HIES-FHES-LIS,N,2006-2016
KOR,2016,FALSE,INC,0,,0,0,,.0014467,.0014467,HIES-FHES-LIS,N,2006-2016
LAO,2012,FALSE,CONS,.1343596,.0572856,.2156978,.3193191,.44339731,.109141,.1917977,LECS,N,2012-2018
LAO,2018,FALSE,CONS,.1283676,.0567088,.0453024,.2254918,.0777193,.0713877,.1085284,LECS,N,2012-2018
LBN,2011,FALSE,CONS,.092377,.0225356,.0093982,.307483,.00857805,0,.0069435,HBS,N,2011
LBR,2014,FALSE,CONS,.405643,,,.5338683,.19126155,.2593076,.5551485,HIES,N,2014-2016
LBR,2016,FALSE,CONS,.3051133,.5407878,.7968267,.6177976,.25696651,.2761775,.5657111,HIES,N,2014-2016
LCA,2015,FALSE,CONS,.025658,.0111098,.0393538,.072944,.00638985,.0008292,.0041517,SLCHBS,N,2015
LKA,2012,FALSE,CONS,.0443148,.042734,.0878268,.0565008,.10325555,.0258727,.0352387,HIES,N,2002-2019
LKA,2016,FALSE,CONS,.0378061,.0400819,.0246902,.0444853,.11589993,.0129539,.0169382,HIES,N,2002-2019
LKA,2019,FALSE,CONS,.0277641,.0345788,.0005258,.0302117,.09616206,.0095861,.0107352,HIES,N,2002-2019
LSO,2017,FALSE,CONS,.1805826,.0475814,.5870739,.5509645,.13683241,.3239991,.4068196,CMSHBS,N,2017
LTU,2008,FALSE,INC,.0069473,,0,,,.0143063,.0212537,EU-SILC,N,2004-2021
LTU,2009,FALSE,INC,.0071792,,0,,,.0240546,.0312338,EU-SILC,N,2004-2021
LTU,2010,FALSE,INC,.007066,,0,.1674783,.16128456,.01714,.024206,EU-SILC,N,2004-2021
LTU,2011,FALSE,INC,.0061513,,0,.1578981,.14831259,.0086911,.0148424,EU-SILC,N,2004-2021
LTU,2012,FALSE,INC,.0059691,,0,.1357464,.12893495,.0102317,.0162008,EU-SILC,N,2004-2021
LTU,2013,FALSE,INC,.0054674,,0,.1247804,.11965188,.00737,.0128374,EU-SILC,N,2004-2021
LTU,2014,FALSE,INC,.004526,,0,.1234946,.11432615,.0134922,.0180182,EU-SILC,N,2004-2021
LTU,2015,FALSE,INC,.003926,,0,.1365828,.13023806,.0110093,.0149354,EU-SILC,N,2004-2021
LTU,2016,FALSE,INC,.0045097,,0,.1212028,.11511596,.0142328,.0187425,EU-SILC,N,2004-2021
LTU,2017,FALSE,INC,.0023842,,0,.1061284,.09941372,.0112637,.013648,EU-SILC,N,2004-2021
LTU,2018,FALSE,INC,.0039989,,0,.0993653,.09506199,.0103764,.0143753,EU-SILC,N,2004-2021
LTU,2019,FALSE,INC,.0038531,,0,.0757601,.07164949,.0062216,.0100747,EU-SILC,N,2004-2021
LTU,2020,FALSE,INC,.0018506,,0,,,.0023306,.0041812,EU-SILC,N,2004-2021
LTU,2021,FALSE,INC,.0010751,,0,,,.0029209,.003996,EU-SILC,N,2004-2021
LUX,2008,FALSE,INC,.0016115,,0,.007662,.00201709,.0004695,.002081,EU-SILC,N,2003-2021
LUX,2009,FALSE,INC,.0028719,,0,.0053476,.00321993,.0026697,.0055416,EU-SILC,N,2003-2021
LUX,2010,FALSE,INC,.0028617,,0,.0009341,.00214424,.0018511,.0047127,EU-SILC,N,2003-2021
LUX,2011,FALSE,INC,.0022149,,0,.0068475,.00148756,.0031618,.0053767,EU-SILC,N,2003-2021
LUX,2012,FALSE,INC,.0024591,,0,.0006964,.00250037,.0038665,.0063256,EU-SILC,N,2003-2021
LUX,2013,FALSE,INC,.0063525,,0,.0008439,.00201385,.0059127,.0122652,EU-SILC,N,2003-2021
LUX,2014,FALSE,INC,.0105422,,0,.0002082,.00132133,.0042234,.0147216,EU-SILC,N,2003-2021
LUX,2015,FALSE,INC,.0102417,,0,.0053877,.01097924,.0067781,.0170199,EU-SILC,N,2003-2021
LUX,2016,FALSE,INC,.0112056,,0,.0009507,.00476425,.0048113,.0160169,EU-SILC,N,2003-2021
LUX,2017,FALSE,INC,.0076114,,0,.0001445,.00174576,.0077071,.0150739,EU-SILC,N,2003-2021
LUX,2018,FALSE,INC,.0038928,,0,.0008933,.00299226,.0056019,.0094948,EU-SILC,N,2003-2021
LUX,2019,FALSE,INC,.0052346,,0,.0005243,.00126398,.004102,.0092202,EU-SILC,N,2003-2021
LUX,2021,FALSE,INC,.02622,,0,,0,.0031401,.0290891,EU-SILC,N,2003-2021
LVA,2008,FALSE,INC,.002744,,0,,0,.0153258,.0180697,EU-SILC,N,2004-2021
LVA,2009,FALSE,INC,.0024832,,0,,0,.0198107,.0222939,EU-SILC,N,2004-2021
LVA,2010,FALSE,INC,.0024591,,0,.1645858,.18428945,.0202138,.0226728,EU-SILC,N,2004-2021
LVA,2011,FALSE,INC,.0017771,,0,.161424,.18487277,.0137604,.0155375,EU-SILC,N,2004-2021
LVA,2012,FALSE,INC,.0035398,,0,.1508965,.17004179,.0141101,.0176499,EU-SILC,N,2004-2021
LVA,2013,FALSE,INC,.0076931,,0,.1468607,.16144999,.014847,.0220486,EU-SILC,N,2004-2021
LVA,2014,FALSE,INC,.0026571,,0,.137648,.15406712,.0105655,.0132225,EU-SILC,N,2004-2021
LVA,2015,FALSE,INC,.0028646,,0,.1281277,.14165572,.0095012,.0123658,EU-SILC,N,2004-2021
LVA,2016,FALSE,INC,.0019264,,0,.1091555,.12200822,.0114958,.0134222,EU-SILC,N,2004-2021
LVA,2017,FALSE,INC,.0012938,,0,.1002579,.11874083,.0107583,.0120521,EU-SILC,N,2004-2021
LVA,2018,FALSE,INC,.0022142,,0,.0878754,.10157172,.0063905,.0086047,EU-SILC,N,2004-2021
LVA,2019,FALSE,INC,.0010483,,0,.079215,.08912568,.0054424,.0064906,EU-SILC,N,2004-2021
LVA,2020,FALSE,INC,.0013754,,0,,0,.0068813,.0082567,EU-SILC,N,2004-2021
LVA,2021,FALSE,INC,.0012775,,0,,0,.0087325,.0100099,EU-SILC,N,2004-2021
MAR,2013,FALSE,CONS,.1268115,.0682234,.0237514,.1292128,.08683239,.0144311,.0584719,ENCDM,N,2000-2013
MDA,2010,FALSE,CONS,.0045572,.0042958,.0007989,.4810457,.36517652,.004104,.0086954,HBS,N,2006-2021
MDA,2017,FALSE,CONS,.0013131,.0035479,.0002006,.2959444,.18676457,0,.0027022,HBS,N,2006-2021
MDA,2018,FALSE,CONS,.0007129,.0038649,.0000972,.2666799,.17231579,0,.0024077,HBS,N,2006-2021
MDA,2019,FALSE,CONS,.0251902,.0050197,.0000838,.2548083,.16856405,.0002865,.0079544,HBS,N,2006-2021
MDA,2021,FALSE,CONS,.001334,.004956,.0001366,.196064,.1358891,0,.0023945,HBS,N,2006-2021
MDG,2012,FALSE,CONS,.4900708,.3465588,.1296065,.7694609,.59928049,.8073006,.8294805,ENSOMD,N,2001-2012
MDV,2016,FALSE,CONS,.0224441,.0152003,0,.0015628,.36003216,0,.0003515,HIES,N,2016
MDV,2019,FALSE,CONS,0,.018714,.0190272,.0482038,.00033315,0,0,HIES,N,2019
MEX,2010,FALSE,INC,.0668289,.035747,.0077718,.1739682,.05448148,.0470436,.0573194,ENIGH,N,1984-2014
MEX,2012,FALSE,INC,.0607751,.0275678,.008116,.1680176,.0740639,.041996,.0527258,ENIGH,N,1984-2014
MEX,2014,FALSE,INC,.0546173,.0247958,.0071661,.150214,.04879633,.0398311,.0457002,ENIGH,N,1984-2014
MEX,2016,FALSE,INC,.0450908,.0235816,.0040775,.1359979,.0465985,.023164,.0293653,ENIGHNS,N,2016-2022
MEX,2018,FALSE,INC,.043246,.0246214,.0038953,.1331731,.04195554,.0187597,.0245479,ENIGHNS,N,2016-2022
MEX,2020,FALSE,INC,.0375682,.0250774,.0022176,.1127551,.0386746,.0213194,.025811,ENIGHNS,N,2016-2022
MEX,2022,FALSE,INC,.03724,.0267205,.0032067,.1067658,.04353976,.0117968,.0174032,ENIGHNS,N,2016-2022
MHL,2019,FALSE,CONS,.0036878,.0670192,.0109534,.2899758,.01737057,.0085434,.010064,HIES,N,2019
MKD,2009,FALSE,INC,.0075415,,0,.1309777,,.0982535,.1040863,SILC-C,N,2009-2019
MKD,2010,FALSE,INC,.008152,,0,,,.104579,.11059,SILC-C,N,2009-2019
MKD,2011,FALSE,INC,.0071078,,0,,,.1016278,.1066885,SILC-C,N,2009-2019
MKD,2012,FALSE,INC,.0066373,,0,,,.0754307,.0800935,SILC-C,N,2009-2019
MKD,2013,FALSE,INC,.0053134,,0,,,.0619394,.0655526,SILC-C,N,2009-2019
MKD,2014,FALSE,INC,.0034527,,0,.0636434,,.0505437,.0534437,SILC-C,N,2009-2019
MKD,2015,FALSE,INC,.0045442,,0,.0664298,,.0558147,.0599427,SILC-C,N,2009-2019
MKD,2016,FALSE,INC,.0043458,,0,.0521919,,.0431636,.046295,SILC-C,N,2009-2019
MKD,2017,FALSE,INC,.003237,,0,.0531151,,.0450079,.0476676,SILC-C,N,2009-2019
MKD,2018,FALSE,INC,.0039417,,0,.0511061,,.0339856,.0371668,SILC-C,N,2009-2019
MKD,2019,FALSE,INC,.0041092,,0,.0453855,,.0280886,.0320513,SILC-C,N,2009-2019
MLI,2018,FALSE,CONS,.6664596,.2817537,.2385211,.5194457,.23807146,.1521881,.4377158,EHCVM,N,2018-2021
MLI,2021,FALSE,CONS,.6390963,.4579253,.1631368,.4835782,.18945712,.2084925,.5130708,EHCVM,N,2018-2021
MLT,2008,FALSE,INC,.0080654,,0,,0,.0012313,.0092967,EU-SILC,N,2006-2020
MLT,2009,FALSE,INC,.0056958,,0,,0,.0066387,.0122765,EU-SILC,N,2006-2020
MLT,2010,FALSE,INC,.005332,,0,.0014072,.00281047,.0034551,.0087871,EU-SILC,N,2006-2020
MLT,2011,FALSE,INC,.0056543,,0,.0009903,.00258993,.0025877,.008242,EU-SILC,N,2006-2020
MLT,2012,FALSE,INC,.0052084,,0,.0016182,.00267959,.001874,.0070824,EU-SILC,N,2006-2020
MLT,2013,FALSE,INC,.0052432,,0,.0009317,.00259087,.0005931,.0058363,EU-SILC,N,2006-2020
MLT,2014,FALSE,INC,.0056174,,0,.0002832,.00169151,.0004119,.0060293,EU-SILC,N,2006-2020
MLT,2015,FALSE,INC,.0046872,,0,.0004437,.00149788,.0010846,.0057718,EU-SILC,N,2006-2020
MLT,2016,FALSE,INC,.00378,,0,.0001384,.00061769,.0014013,.0051813,EU-SILC,N,2006-2020
MLT,2017,FALSE,INC,.0023936,,0,.0013299,.00076422,.0015989,.0039925,EU-SILC,N,2006-2020
MLT,2018,FALSE,INC,.0011919,,0,.0009444,.00057507,.0018374,.0030293,EU-SILC,N,2006-2020
MLT,2019,FALSE,INC,.000734,,0,.0010011,.00030537,.0034974,.0042314,EU-SILC,N,2006-2020
MLT,2020,FALSE,INC,.0004585,,0,,0,.004916,.0053745,EU-SILC,N,2006-2020
MMR,2015,FALSE,CONS,.1274835,.1370282,.3528785,.3774992,.29433268,.06217,.1956483,MPLCS,N,2015-2017
MMR,2017,FALSE,CONS,.1083572,.0680916,.0640606,.2768068,.20604018,.0199116,.0734708,MLCS,N,2015-2017
MNG,2010,FALSE,CONS,.0086768,.0402798,.0202104,,,.0114357,.0312887,HSES,N,2010-2018
MNG,2011,FALSE,CONS,.009095,.0378902,.0080683,,,.0085688,.0172147,HSES,N,2010-2018
MNG,2012,FALSE,CONS,.0083341,.0326462,.0066135,.2668424,.21270007,.0047311,.0205485,HSES,N,2010-2018
MNG,2014,FALSE,CONS,.011201,.0311801,.0029575,.1620712,.18140245,.0032755,.0152366,HSES,N,2010-2018
MNG,2016,FALSE,CONS,.0083235,.0315802,.0030119,.0955499,.12815182,.007065,.0144262,HSES,N,2010-2018
MNG,2018,FALSE,CONS,.008848,.0320012,.0015325,.10399,.1304515,.0071159,.0135549,HSES,N,2010-2018
MNG,2022,FALSE,CONS,.0114059,.0408868,.000701,.437127,.08935307,.0022341,.0112334,HSES,N,2022
MOZ,2014,FALSE,CONS,.5490518,.3326088,.1459507,.712907,.41124157,.6464086,.7370356,IOF,N,1996-2019
MRT,2014,FALSE,CONS,.5426351,.0830651,.5407616,.4929575,.38641049,.0649084,.4565534,EPCV,N,2000-2019
MRT,2019,FALSE,CONS,.5564184,.3390816,.1975605,.5583616,.37669082,.0535467,.4235947,EPCV,N,2000-2019
MUS,2017,FALSE,CONS,.0716031,.0019484,.0023233,,,.0012531,.0035474,HBS,N,2006-2017
MWI,2010,FALSE,CONS,.4771035,.0312257,.0513697,.2642619,.19407613,.684589,.7284774,IHS-III,N,2004-2019
MWI,2016,FALSE,CONS,.5620096,.030803,.0673104,.4813637,.12912138,.6573572,.7281408,IHS-IV,N,2004-2019
MWI,2019,FALSE,CONS,.5432939,.0368635,.887574,.7513766,.11400399,.700606,.78252,IHS-V,N,2004-2019
MYS,2015,FALSE,INC,.0066378,.0063152,.0061901,.1318306,.01649656,.0001904,.0021388,HIS,N,2003-2021
MYS,2018,FALSE,INC,.0125739,.0068865,.0004228,.0045811,.01432183,.0001103,.0007571,HIESBA,N,2003-2021
NAM,2015,FALSE,CONS,.1133494,.0607521,.5384216,.6831442,.09236162,.1559039,.2754825,NHIES,N,2003-2015
NER,2018,FALSE,CONS,.7514927,.4264724,.7874317,.8519843,.37532517,.5090594,.7992747,EHCVM,N,2018-2021
NER,2021,FALSE,CONS,.7166513,.4714823,.7431945,.8342799,.33684801,.5061381,.7797092,EHCVM,N,2018-2021
NGA,2018,FALSE,CONS,.1760523,.0901891,.3944255,.4514206,.32612725,.308633,.3969845,LSS,N,2018
NIC,2014,FALSE,INC,.1410742,.0805601,.1997528,.4274418,.12490986,.0394103,.1559035,EMNV,N,2005-2014
NLD,2008,FALSE,INC,.0022575,,0,,0,.0046821,.0069397,EU-SILC,N,2004-2021
NLD,2009,FALSE,INC,.0046119,,0,,0,.0055088,.0101206,EU-SILC,N,2004-2021
NLD,2010,FALSE,INC,.0052222,,0,.0001044,.00013719,.0048927,.0101149,EU-SILC,N,2004-2021
NLD,2011,FALSE,INC,.0050447,,0,.0004476,.00067518,.0037628,.0088076,EU-SILC,N,2004-2021
NLD,2012,FALSE,INC,.0044769,,0,0,.00025687,.0035251,.008002,EU-SILC,N,2004-2021
NLD,2013,FALSE,INC,.0057267,,0,.0000675,.00011958,.0054465,.0111732,EU-SILC,N,2004-2021
NLD,2014,FALSE,INC,.0049487,,0,.0004185,.00089712,.0022596,.0072083,EU-SILC,N,2004-2021
NLD,2015,FALSE,INC,.0118503,,0,.0006221,.00110045,.0039378,.0157608,EU-SILC,N,2004-2021
NLD,2016,FALSE,INC,.0118372,,0,.0006974,.00143217,.0040648,.015902,EU-SILC,N,2004-2021
NLD,2017,FALSE,INC,.0108783,,0,.0001215,.00067385,.0051278,.0158827,EU-SILC,N,2004-2021
NLD,2018,FALSE,INC,.0121909,,0,.0004953,.00077016,.0037546,.0159455,EU-SILC,N,2004-2021
NLD,2019,FALSE,INC,.0156067,,0,.0002824,.00097035,.0024026,.0180093,EU-SILC,N,2004-2021
NLD,2020,FALSE,INC,.0165013,,0,,0,.0032756,.0197411,EU-SILC,N,2004-2021
NLD,2021,FALSE,INC,.0154626,,0,,0,.0047754,.0201678,EU-SILC,N,2004-2021
NOR,2008,FALSE,INC,.0197391,,0,.0008085,.00088142,.0032683,.0219482,EU-SILC,N,2003-2019
NOR,2009,FALSE,INC,.0132141,,0,.001911,.00077274,.0015885,.0143899,EU-SILC,N,2003-2019
NOR,2010,FALSE,INC,.0063591,,0,.0025265,.00396021,.0026129,.008806,EU-SILC,N,2003-2019
NOR,2011,FALSE,INC,.0062589,,0,0,.0023897,.0021906,.0082368,EU-SILC,N,2003-2019
NOR,2012,FALSE,INC,.0074618,,0,0,.00403272,.0026895,.0099518,EU-SILC,N,2003-2019
NOR,2013,FALSE,INC,.00784,,0,0,.0021537,.0024083,.0100299,EU-SILC,N,2003-2019
NOR,2014,FALSE,INC,.0117296,,0,0,.00335441,.0019505,.0134963,EU-SILC,N,2003-2019
NOR,2015,FALSE,INC,.0140184,,0,0,.00437309,.0027659,.0166745,EU-SILC,N,2003-2019
NOR,2016,FALSE,INC,.0182321,,0,0,.00420951,.0051135,.0229464,EU-SILC,N,2003-2019
NOR,2017,FALSE,INC,.0210281,,0,0,.00276106,.0044043,.0247435,EU-SILC,N,2003-2019
NOR,2018,FALSE,INC,.021213,,0,0,.00413632,.0046891,.0255706,EU-SILC,N,2003-2019
NOR,2019,FALSE,INC,.0167158,,0,0,.00475848,.0032121,.0196447,EU-SILC,N,2003-2019
NPL,2010,FALSE,CONS,.2856312,.0950575,.3146772,.6672931,.16777951,.082405,.265247,LSS-III,N,2010
NRU,2012,FALSE,CONS,.1079886,.057133,.0023798,.2173172,.02702232,.0167151,.0202052,HIES,N,2012
PAK,2010,FALSE,CONS,.2166447,.3067139,.0836127,.4950083,.11576075,.0938186,.2335225,HIES,N,2001-2018
PAK,2011,FALSE,CONS,.2174312,.3086407,.0893332,.3434588,.09416834,.0958788,.2112023,HIES,N,2001-2018
PAK,2013,FALSE,CONS,.2276655,.3164812,.0812617,.3511046,.07899234,.0736264,.2051193,HIES,N,2001-2018
PAK,2015,FALSE,CONS,.2229415,.3073666,.1009624,.2799529,.0768477,.0511019,.1851994,HIES,N,2001-2018
PAK,2018,FALSE,CONS,.2109263,.2882376,.0932173,.2479985,.06517883,.0493245,.1666799,HIES,N,2001-2018
PAN,2021,FALSE,INC,.0242455,.0161971,.0476483,.0617666,.04484637,.0110826,.0244559,EH,N,2008-2023
PER,2010,FALSE,INC,.0593011,.0163463,.1216305,.1187825,.17706475,.0682377,.1043225,ENAHO,N,2004-2022
PER,2011,FALSE,INC,.0587822,.0147538,.1043564,.1073451,.17761524,.0650402,.0987124,ENAHO,N,2004-2022
PER,2012,FALSE,INC,.0581986,.0124376,.0881706,.1498771,.13465506,.0607855,.092245,ENAHO,N,2004-2022
PER,2013,FALSE,INC,.0563657,.0126596,.077099,.1451427,.12272283,.0539633,.0808221,ENAHO,N,2004-2022
PER,2014,FALSE,INC,.0578787,.0111889,.0675908,.1509225,.09986017,.0482481,.0719579,ENAHO,N,2004-2022
PER,2015,FALSE,INC,.0588594,.0109672,.0583715,.143163,.09755513,.0471855,.0680991,ENAHO,N,2004-2022
PER,2016,FALSE,INC,.0571823,.0096976,.0554983,.1434911,.08233354,.0459618,.0656025,ENAHO,N,2004-2022
PER,2017,FALSE,INC,.0569062,.0066669,.0489248,.1398012,.07981523,.0449706,.0634518,ENAHO,N,2004-2022
PER,2018,FALSE,INC,.056658,.0057338,.0448399,.121195,.06797411,.0356699,.0512128,ENAHO,N,2004-2022
PER,2019,FALSE,INC,.054029,.0079354,.0412701,.120668,.06249985,.0297708,.0455146,ENAHO,N,2004-2022
PER,2020,FALSE,INC,.0477487,.0119162,.0365894,.1147658,.0549806,.0582176,.0698518,ENAHO,N,2004-2022
PER,2021,FALSE,INC,.0536524,.0121012,.0414481,.1215935,.05256491,.0277309,.0412015,ENAHO,N,2004-2022
PER,2022,FALSE,INC,.0506335,.0070348,.0378886,.1299137,.05471977,.0265655,.0399544,ENAHO,N,2004-2022
PHL,2012,FALSE,INC,.050024,.060198,.1142825,.1872547,.11303795,.1093892,.1356856,FIES,N,2003-2021
PHL,2015,FALSE,INC,.0448657,.0440049,.090887,.1635287,.09667775,.0649045,.0862019,FIES,N,2003-2021
PHL,2018,FALSE,INC,.0375112,.0435387,.0667635,.079736,.06230452,.0299569,.0442937,FIES,N,2003-2021
PHL,2021,FALSE,INC,.0326049,.0365788,.0377658,.1441139,.04104623,.0299391,.0411231,FIES,N,2003-2021
PNG,2009,FALSE,CONS,.2221606,.0900362,.8210981,.7977661,.57412654,.3968331,.7108198,HIES,N,2009
PRT,2008,FALSE,INC,.0414081,,0,,0,.0013725,.042761,EU-SILC,N,2003-2021
PRT,2009,FALSE,INC,.038186,,0,,0,.001659,.039845,EU-SILC,N,2003-2021
PRT,2010,FALSE,INC,.0393496,,0,.0121863,.01333019,.0013646,.0406711,EU-SILC,N,2003-2021
PRT,2011,FALSE,INC,.0421302,,0,.0094404,.01147346,.0050804,.0472106,EU-SILC,N,2003-2021
PRT,2012,FALSE,INC,.0362575,,0,.0088957,.01130194,.0070321,.0431584,EU-SILC,N,2003-2021
PRT,2013,FALSE,INC,.0357423,,0,.0095461,.01337962,.0085519,.0442505,EU-SILC,N,2003-2021
PRT,2014,FALSE,INC,.0328164,,0,.0101415,.01492893,.0054567,.0382731,EU-SILC,N,2003-2021
PRT,2015,FALSE,INC,.0272755,,0,.0110114,.01322148,.0048239,.0320695,EU-SILC,N,2003-2021
PRT,2016,FALSE,INC,.0259225,,0,.0104337,.01189589,.0037464,.0296562,EU-SILC,N,2003-2021
PRT,2017,FALSE,INC,.0244185,,0,.0076998,.00905059,.004105,.0285156,EU-SILC,N,2003-2021
PRT,2018,FALSE,INC,.0226513,,0,.0065558,.0075508,.0029025,.0255539,EU-SILC,N,2003-2021
PRT,2019,FALSE,INC,.0152526,,0,.0056454,.0059012,.0014872,.0167351,EU-SILC,N,2003-2021
PRT,2020,FALSE,INC,.0146455,,0,,0,.0047229,.0181365,EU-SILC,N,2003-2021
PRT,2021,FALSE,INC,.0134252,,0,,0,.002265,.0156362,EU-SILC,N,2003-2021
PRY,2010,FALSE,INC,.0913386,.0460271,.0254716,.1767767,.17349006,.0545974,.0864722,EPH,N,2002-2022
PRY,2011,FALSE,INC,.079411,.0438982,.0170123,.1066404,.04476751,.0504801,.0597659,EPH,N,2002-2022
PRY,2012,FALSE,INC,.0811509,.0342897,.0159704,.1513794,.05593435,.0333131,.0504607,EPH,N,2002-2022
PRY,2013,FALSE,INC,.0678476,.0275576,.0063736,.1200832,.03757854,.0178793,.0307396,EPH,N,2002-2022
PRY,2014,FALSE,INC,.0777153,.0312814,.0092243,.1095133,.04023706,.0241389,.0390052,EPH,N,2002-2022
PRY,2015,FALSE,INC,.0604555,.0266661,.0048855,.118491,.03171636,.0189134,.0290378,EPH,N,2002-2022
PRY,2016,FALSE,INC,.0678724,.0299643,.0070867,.123872,.02901461,.0169429,.0277548,EPH,N,2002-2022
PRY,2017,FALSE,INC,.0595829,.0229694,.0046368,.1125262,.02401716,.0098144,.0179509,EPH,N,2002-2022
PRY,2018,FALSE,INC,.0631842,.0274569,.0028032,.1625958,.02826096,.0140669,.0260835,EPH,N,2002-2022
PRY,2019,FALSE,INC,.0628575,.0193157,.0028786,.1386455,.02113728,.0101151,.0180418,EPH,N,2002-2022
PRY,2020,FALSE,INC,.049144,.0199527,.0028892,.1206302,.01648133,.0081328,.0142141,EPH,N,2002-2022
PRY,2021,FALSE,INC,.0444717,.0199593,.0013481,.1038989,.01107492,.0068918,.0132132,EPH,N,2002-2022
PRY,2022,FALSE,INC,.0443097,.0165613,.0013291,.1003638,.01452383,.0132956,.0175979,EPH,N,2002-2022
PSE,2010,FALSE,CONS,.0376379,.0512407,.0044647,,,.000436,.0070814,PECS,N,2010-2016
PSE,2011,FALSE,CONS,.0322559,.0549165,.0032177,.0137638,.01954547,.0018904,.0047838,PECS,N,2010-2016
PSE,2016,FALSE,CONS,.0117705,.0578972,0,.0011705,.03224331,.0050272,.0062332,PECS,N,2010-2016
RUS,2010,FALSE,CONS,.0001896,.0128639,.0001651,.1053989,.0828444,.0008333,.0025734,HBS,N,1997-2020
RUS,2015,FALSE,CONS,.0020267,.0034894,.0448502,.1372529,.08340956,.0003634,.0345739,HBS,N,1997-2020
RUS,2019,FALSE,CONS,.0032746,.0034481,.0496637,.0789282,.08398999,.0003,.046561,HBS,N,1997-2020
RUS,2020,FALSE,CONS,.0090027,.0074955,.0513317,.0773119,.08615743,.0001016,.0501487,HBS,N,1997-2020
RWA,2013,FALSE,CONS,.3754569,.0433512,.8054634,.1502555,.25577746,.5374719,.5877445,EICV-IV,N,2000-2016
RWA,2016,FALSE,CONS,.3694976,.0425897,.6395106,.2812703,.2452093,.520068,.5737091,EICV-V,N,2000-2016
SDN,2014,FALSE,CONS,.4016288,.227155,.4853111,.9287606,.44901982,.1526228,.5254224,NBHS,N,2014
SEN,2011,FALSE,CONS,.411551,.5417682,.4704736,.2870005,.18207918,.4098437,.5658334,ESPS-II,N,2005-2011
SEN,2018,FALSE,CONS,.4196152,.3194275,.2656381,.3735124,.15215188,.0922257,.3230905,EHCVM,N,2018-2021
SEN,2021,FALSE,CONS,.9858099,.0023706,.2938013,.2965851,.13266439,.0992682,.235657,EHCVM,N,2018-2021
SLB,2012,FALSE,CONS,.0752736,.1353753,.5383372,.6596932,.34890075,.2656488,.418904,HIES,N,2012
SLE,2011,FALSE,CONS,.4249294,.0099372,.8769052,.5103362,.30345085,.3869813,.5763521,SLIHS,N,2003-2018
SLE,2018,FALSE,CONS,.2870064,.1865088,.6872665,.8716725,.33796116,.2603524,.540458,SLIHS,N,2003-2018
SLV,2010,FALSE,INC,.3524264,.0748051,.0848849,.1258777,.07774102,.0634563,.1296261,EHPM,N,2000-2022
SLV,2011,FALSE,INC,.3347945,.0655623,.0776749,.1222743,.06973457,.0534093,.1123226,EHPM,N,2000-2022
SLV,2012,FALSE,INC,.3139618,.0630857,.0658104,.1142333,.06134975,.0463715,.1003469,EHPM,N,2000-2022
SLV,2013,FALSE,INC,.3003751,.059746,.0484259,.1208811,.04750438,.0362473,.0842868,EHPM,N,2000-2022
SLV,2014,FALSE,INC,.2866713,.0552093,.0448767,.1128061,.04955128,.0344148,.0795701,EHPM,N,2000-2022
SLV,2015,FALSE,INC,.2868221,.0548466,.0424665,.1136168,.04781338,.0230885,.0672486,EHPM,N,2000-2022
SLV,2016,FALSE,INC,.2723031,.0506913,.038358,.1040745,.04441807,.0263298,.0663825,EHPM,N,2000-2022
SLV,2017,FALSE,INC,.2715042,.0485112,.0322137,.103645,.03987238,.021555,.0611907,EHPM,N,2000-2022
SLV,2018,FALSE,INC,.2472417,.0402134,.0260581,.0928709,.03752841,.0184277,.0506216,EHPM,N,2000-2022
SLV,2019,FALSE,INC,.2483785,.0389364,.0207446,.0942459,.03111239,.0140192,.0439375,EHPM,N,2000-2022
SLV,2021,FALSE,INC,.2515551,.0417239,.0167459,.0922317,.02952473,.0358619,.0625319,EHPM,N,2000-2022
SLV,2022,FALSE,INC,.2427649,.0299776,.014629,.1210485,.02628037,.033634,.0554999,EHPM,N,2000-2022
SSD,2016,FALSE,CONS,.3932687,.6219994,,.8811926,.13888889,.6732727,.848859,HFS-W3,N,2016
STP,2017,FALSE,CONS,.1082987,.0430486,.3126609,.6198848,.88257636,.1572355,.3967812,IOF,N,2017
SUR,2022,FALSE,CONS,.0703216,.0087406,.0031552,.0559906,.02421072,.0110431,.0212999,SSLC,N,2022
SVK,2008,FALSE,INC,.0005836,,0,,0,.0047147,.0052983,EU-SILC,N,2004-2021
SVK,2009,FALSE,INC,.0003039,,0,,0,.0049243,.0052282,EU-SILC,N,2004-2021
SVK,2010,FALSE,INC,.0011058,,0,.0141208,.00340662,.0049511,.0060568,EU-SILC,N,2004-2021
SVK,2011,FALSE,INC,.0016239,,0,.0110282,.00327594,.0048671,.006491,EU-SILC,N,2004-2021
SVK,2012,FALSE,INC,.0011734,,0,.0061395,.00269366,.0040093,.0051827,EU-SILC,N,2004-2021
SVK,2013,FALSE,INC,.0000629,,0,.0128581,.00652295,.0047552,.004818,EU-SILC,N,2004-2021
SVK,2014,FALSE,INC,0,,0,.0142398,.00758058,.0067545,.0067545,EU-SILC,N,2004-2021
SVK,2015,FALSE,INC,0,,0,.0142071,.00781159,.0091016,.0091016,EU-SILC,N,2004-2021
SVK,2016,FALSE,INC,0,,0,.015183,.00919203,.0154842,.0154842,EU-SILC,N,2004-2021
SVK,2017,FALSE,INC,0,,0,.0162614,.01075997,.0028434,.0028434,EU-SILC,N,2004-2021
SVK,2018,FALSE,INC,0,,0,.0176784,.01364652,.0020856,.0020856,EU-SILC,N,2004-2021
SVK,2019,FALSE,INC,.0000294,,0,.009618,.00740233,.0012903,.0013197,EU-SILC,N,2004-2021
SVK,2020,FALSE,INC,.0000827,,0,,0,.0022179,.0023006,EU-SILC,N,2004-2021
SVK,2021,FALSE,INC,.0000235,,0,,0,.0010947,.0011181,EU-SILC,N,2004-2021
SVN,2008,FALSE,INC,.0016496,,0,,0,.0000529,.0017024,EU-SILC,N,2004-2021
SVN,2009,FALSE,INC,.0013683,,0,,0,.0001364,.0015048,EU-SILC,N,2004-2021
SVN,2010,FALSE,INC,.0008587,,0,.0046217,.00612528,.0001268,.0009854,EU-SILC,N,2004-2021
SVN,2011,FALSE,INC,.0009715,,0,.0042052,.00546658,0,.0009715,EU-SILC,N,2004-2021
SVN,2012,FALSE,INC,.0008175,,0,.0045602,.00612414,.0002625,.00108,EU-SILC,N,2004-2021
SVN,2013,FALSE,INC,0,,0,.0055644,.00696136,.0002176,.0002176,EU-SILC,N,2004-2021
SVN,2014,FALSE,INC,0,,0,.0032617,.00488435,0,0,EU-SILC,N,2004-2021
SVN,2015,FALSE,INC,0,,0,.0034851,.00395391,.0000485,.0000485,EU-SILC,N,2004-2021
SVN,2016,FALSE,INC,0,,0,.0021021,.00258542,0,0,EU-SILC,N,2004-2021
SVN,2017,FALSE,INC,0,,0,.0015771,.00187239,0,0,EU-SILC,N,2004-2021
SVN,2018,FALSE,INC,0,,0,.0008533,.00116889,0,0,EU-SILC,N,2004-2021
SVN,2019,FALSE,INC,0,,0,.0014461,.00145855,0,0,EU-SILC,N,2004-2021
SVN,2020,FALSE,INC,0,,0,,0,0,0,EU-SILC,N,2004-2021
SVN,2021,FALSE,INC,0,,0,,0,0,0,EU-SILC,N,2004-2021
SWE,2008,FALSE,INC,.0059948,,0,0,.00610976,.0084458,.0134008,EU-SILC,N,2003-2021
SWE,2009,FALSE,INC,.0059427,,0,0,.00643342,.0079519,.0135,EU-SILC,N,2003-2021
SWE,2010,FALSE,INC,.0044438,,0,0,.00573121,.0084758,.0129196,EU-SILC,N,2003-2021
SWE,2011,FALSE,INC,.004606,,0,0,.00510271,.0085726,.0125125,EU-SILC,N,2003-2021
SWE,2012,FALSE,INC,.0082032,,0,0,.00599366,.0077193,.0145267,EU-SILC,N,2003-2021
SWE,2013,FALSE,INC,.0089085,,0,0,.0053314,.0086338,.0165871,EU-SILC,N,2003-2021
SWE,2014,FALSE,INC,.0064969,,0,0,.00695146,.0068562,.0130614,EU-SILC,N,2003-2021
SWE,2015,FALSE,INC,.007157,,0,0,.00117898,.0078465,.0140648,EU-SILC,N,2003-2021
SWE,2016,FALSE,INC,.01069,,0,.0001277,.00034748,.0049422,.0147934,EU-SILC,N,2003-2021
SWE,2017,FALSE,INC,.0094431,,0,0,.00071111,.0056409,.0133076,EU-SILC,N,2003-2021
SWE,2018,FALSE,INC,.0107564,,0,0,.00083784,.0097715,.0192315,EU-SILC,N,2003-2021
SWE,2019,FALSE,INC,.0195362,,0,0,.00072141,.0057905,.0248144,EU-SILC,N,2003-2021
SWE,2020,FALSE,INC,.0186975,,0,,0,.0060312,.0238066,EU-SILC,N,2003-2021
SWE,2021,FALSE,INC,.0109742,,0,,0,.0108898,.019476,EU-SILC,N,2003-2021
SWZ,2016,FALSE,CONS,.1066905,.0033145,.3571736,.4645199,.27939616,.3605918,.4084812,HIES,N,2000-2016
SYC,2013,FALSE,INC,.0056388,,.0135411,,.25055136,.0123606,.0205677,HBS,N,2013-2018
SYC,2018,FALSE,INC,.0037025,,0,.0018694,.05472386,.00511,.0088126,HBS,N,2013-2018
TCD,2011,FALSE,CONS,.6785707,.058661,.9725084,.9268437,.56048576,.3661673,.856784,ECOSIT-III,N,2003-2011
TCD,2018,FALSE,CONS,.6903195,.3491346,.8997619,.8695077,.34816185,.3088294,.7925816,EHCVM,N,2018-2022
TGO,2015,FALSE,CONS,.2657441,.160005,,.6041561,.40629105,.5469216,.6683564,QUIBB,N,2006-2015
TGO,2018,FALSE,CONS,.32717,.1401685,.4741578,.8362909,.25309783,.284348,.4653467,EHCVM,N,2018-2021
TGO,2021,FALSE,CONS,.3724105,.453667,.3210323,.7756074,.23682087,.2659183,.4865454,EHCVM,N,2018-2021
THA,2009,FALSE,CONS,.1492917,.0098597,.0104461,,,.0024473,.0151499,SES,N,2000-2013
THA,2012,FALSE,CONS,.1435884,.0072493,.0145459,.0034041,.00710866,.0011532,.0036755,SES,N,2000-2013
THA,2015,FALSE,CONS,.1540179,.0064882,.0012183,,,.0004654,.0031081,SES,N,2014-2021
THA,2016,FALSE,CONS,.1454531,.0063039,.0011933,.0034993,.01063755,.0003615,.0018718,SES,N,2014-2021
THA,2017,FALSE,CONS,.1481403,.0059656,.0008342,.0023244,.0094344,.0003713,.0014304,SES,N,2014-2021
THA,2018,FALSE,CONS,.1471062,.0055734,.0013113,.002151,.00820021,.0003213,.0018297,SES,N,2014-2021
THA,2019,FALSE,CONS,.1504039,.0050669,.000987,.0016627,.00940472,.0009504,.0022028,SES,N,2014-2021
THA,2020,FALSE,CONS,.134231,.0050333,.0008894,.0021513,.0046889,.0004667,.0016103,SES,N,2014-2021
THA,2021,FALSE,CONS,.1264191,.0049132,.0008667,.0018765,.00429123,.0001397,.0011249,SES,N,2014-2021
TJK,2015,FALSE,CONS,.0030958,.2681427,.0202712,.0351227,.39421773,.0611453,.0702416,HSITAFIEN,N,1999-2015
TLS,2014,FALSE,CONS,.2241992,.1836517,.2719739,.3957135,.22097057,.2444308,.3661059,TLSLS,N,2001-2014
TON,2015,FALSE,CONS,.0108134,.0130036,.0305436,.062788,.00093861,.0179102,.0182862,HIES,N,2009-2015
TON,2021,FALSE,CONS,.0012448,.0176319,.000254,.0610089,.00051944,.0001922,.0001922,HIES,N,2021
TUN,2010,FALSE,CONS,.2254629,.0304773,.0052874,.1133593,.05476943,.0149602,.04113,NSHBCSL,N,2005-2021
TUN,2015,FALSE,CONS,.2022307,.0213831,.0015149,.0653503,.02130487,.0014007,.0151974,NSHBCSL,N,2005-2021
TUN,2021,FALSE,CONS,.0650185,.0130704,.0018803,.0061329,.01606651,.0025495,.004113,NSHBCSL,N,2005-2021
TUR,2017,FALSE,INC,.0374217,0,0,.0512421,.00768727,.0030056,.0041395,SILC-C,N,2017-2021
TUR,2018,FALSE,INC,.0359699,0,0,.0453419,.00640255,.0035439,.0042516,SILC-C,N,2017-2021
TUR,2019,FALSE,INC,.0352013,0,0,.0413213,.00510912,.0045154,.0053787,SILC-C,N,2017-2021
TUR,2020,FALSE,INC,.0356286,0,0,.036564,.00410284,.004709,.0052242,SILC-C,N,2017-2021
TUR,2021,FALSE,INC,.0328578,0,0,.0301959,.00310492,.0044286,.0047308,SILC-C,N,2017-2021
TUV,2010,FALSE,CONS,.0454292,.0609304,.0919866,.1154173,.02356723,.0362535,.043096,HIES,N,2010
TWN,2010,FALSE,INC,.0130223,.0161619,0,0,,.0010469,.0010469,FIDES-LIS,N,1981-2021
TWN,2013,FALSE,INC,.0105017,.014559,0,0,,.0011127,.0011127,FIDES-LIS,N,1981-2021
TWN,2016,FALSE,INC,.0091845,.011605,0,0,,.0005323,.0005323,FIDES-LIS,N,1981-2021
TWN,2017,FALSE,INC,.0079499,.0127788,0,0,,.0002504,.0002504,FIDES-LIS,N,1981-2021
TWN,2018,FALSE,INC,.0084593,.0161636,0,0,,.0004818,.0004818,FIDES-LIS,N,1981-2021
TWN,2019,FALSE,INC,.0082328,.0106628,0,0,,.0006576,.0006576,FIDES-LIS,N,1981-2021
TWN,2020,FALSE,INC,.0088364,.0138717,0,0,,.0009303,.0009303,FIDES-LIS,N,1981-2021
TWN,2021,FALSE,INC,.0077066,.01157,0,0,,.0003475,.0003475,FIDES-LIS,N,1981-2021
TZA,2011,FALSE,CONS,.6060531,.2646731,.8427652,.4078855,.31770254,.4465546,.6534328,HBS,N,2000-2018
TZA,2018,FALSE,CONS,.1324461,.1946337,.4430355,.7154741,.29244055,.449422,.5458968,HBS,N,2000-2018
UGA,2012,FALSE,CONS,.479139,.1847681,.9111989,.7205899,.25972752,.3754404,.6570488,UNHS,N,2002-2019
UGA,2016,FALSE,CONS,.348024,.1400962,.6123356,.7756765,.22912424,.4286157,.5799206,UNHS,N,2002-2019
UGA,2019,FALSE,CONS,.3135565,.1176077,.4134578,.7114756,.23654183,.4211563,.5218017,UNHS,N,2002-2019
UKR,2019,FALSE,CONS,.0136013,,0,.1527665,0,0,.0136013,HLCS,N,2002-2020
UKR,2020,FALSE,CONS,.0164555,,0,.1241394,0,.0002883,.0167437,HLCS,N,2002-2020
URY,2010,FALSE,INC,.0438817,.0189224,.0068243,.0405926,.0083774,.0016912,.0035267,ECH,N,2006-2019
URY,2011,FALSE,INC,.0350551,.0178515,.0075115,.0411549,.01051342,.0013942,.0034433,ECH,N,2006-2019
URY,2012,FALSE,INC,.0311904,.0136764,.0035515,.0334144,.00750117,.0016939,.0028068,ECH,N,2006-2019
URY,2013,FALSE,INC,.0302161,.0135647,.0026825,.0337158,.00501242,.0017425,.0028942,ECH,N,2006-2019
URY,2014,FALSE,INC,.0304097,.012477,.0025072,.0328426,.00498458,.0015346,.0023254,ECH,N,2006-2019
URY,2015,FALSE,INC,.0275202,.010835,.002047,.0307394,.00492603,.0014977,.0021765,ECH,N,2006-2019
URY,2016,FALSE,INC,.0252253,.0099069,.002152,.0265403,.00477116,.0009227,.0013949,ECH,N,2006-2019
URY,2017,FALSE,INC,.0240563,.0081748,.0017066,.0253449,.00486126,.0006635,.0011694,ECH,N,2006-2019
URY,2018,FALSE,INC,.0219766,.0071498,.0013791,.022407,.0039095,.0005585,.0009316,ECH,N,2006-2019
URY,2019,FALSE,INC,.0199035,.007126,.0013579,.0240182,.00474422,.0010207,.0011956,ECH,N,2006-2019
URY,2021,FALSE,INC,.0185526,.0048204,.0002871,.0195398,.0059386,.0011215,.0014815,ECH-S2,N,2021
URY,2022,FALSE,INC,.0150317,.0025793,.0004271,.0177517,.00348843,.0015518,.0016137,ECH,N,2022
USA,2010,FALSE,INC,.0032352,,0,0,,.0106053,.0137145,CPS-ASEC-LIS,N,2002-2021
USA,2011,FALSE,INC,.0027743,,0,0,,.0099489,.0125877,CPS-ASEC-LIS,N,2002-2021
USA,2012,FALSE,INC,.0029832,,0,0,,.0103676,.0131793,CPS-ASEC-LIS,N,2002-2021
USA,2013,FALSE,INC,.0030226,,0,0,,.0098458,.0126875,CPS-ASEC-LIS,N,2002-2021
USA,2014,FALSE,INC,.0029401,,0,0,,.0123843,.015158,CPS-ASEC-LIS,N,2002-2021
USA,2015,FALSE,INC,.0025651,,0,0,,.0112714,.0137766,CPS-ASEC-LIS,N,2002-2021
USA,2016,FALSE,INC,.0022216,,0,0,,.0109452,.0130927,CPS-ASEC-LIS,N,2002-2021
USA,2017,FALSE,INC,.002043,,0,0,,.0120735,.0139805,CPS-ASEC-LIS,N,2002-2021
USA,2018,FALSE,INC,.0019445,,0,0,,.0104363,.0123344,CPS-ASEC-LIS,N,2002-2021
USA,2019,FALSE,INC,.0019081,,0,0,,.009505,.0113325,CPS-ASEC-LIS,N,2002-2021
USA,2020,FALSE,INC,.001758,,0,0,,.0032698,.0049918,CPS-ASEC-LIS,N,2002-2021
USA,2021,FALSE,INC,.0025631,,0,0,,.0031445,.0056553,CPS-ASEC-LIS,N,2002-2021
UZB,2022,FALSE,CONS,0,,.0012747,.2178688,.10693686,.0225309,.0225309,HBS,N,2022
VNM,2010,FALSE,CONS,.0666703,.0363612,.0186713,.3081959,.09971152,.0287048,.0529542,VHLSS,N,2010-2022
VNM,2012,FALSE,CONS,.0664161,.0204301,.0160264,.2758043,.08734904,.0166016,.038797,VHLSS,N,2010-2022
VNM,2014,FALSE,CONS,.0570465,.0210205,.0089311,.196291,.07086487,.0191205,.0332674,VHLSS,N,2010-2022
VNM,2016,FALSE,CONS,.0521842,.0174367,.0080438,.172443,.07355036,.0126348,.0253193,VHLSS,N,2010-2022
VNM,2018,FALSE,CONS,.046151,.0174344,.0040388,.1108118,.04723683,.0123144,.0199689,VHLSS,N,2010-2022
VNM,2020,FALSE,CONS,.038159,.016538,.0027499,.0691395,.02650778,.0065378,.0116467,VHLSS,N,2010-2022
VNM,2022,FALSE,CONS,.0338482,.0184141,.0007973,.041329,.01968127,.0096379,.0126618,VHLSS,N,2010-2022
VUT,2010,FALSE,CONS,.1801496,.1464146,.5479159,.2136546,.12670424,.1465042,.2466133,HIES,N,2010
VUT,2019,FALSE,CONS,.2572308,.1340428,.2699417,.4297009,.11813611,.0996333,.1989217,NSDP,N,2019
WSM,2013,FALSE,CONS,.0063237,.1283967,.0201574,.0088305,.00460822,.0115023,.0138273,HIES,N,2002-2013
XKX,2010,FALSE,CONS,.0032408,,.0106727,.1586147,.03933795,.0289436,.0419422,HBS,N,2003-2011
XKX,2016,FALSE,CONS,.0025984,.2157099,.001113,,,.007647,.0096577,HBS,N,2012-2017
XKX,2017,FALSE,CONS,.0052471,.2362796,.0019056,.0143715,.00738119,.0044024,.0075093,HBS,N,2012-2017
YEM,2014,FALSE,CONS,.1595056,.4450046,.338913,.4120591,.1401668,.1980276,.3541183,HBS,N,2005-2014
ZAF,2014,FALSE,CONS,.0226344,.0233869,.0409385,.3517148,.10361161,.2050129,.2171048,LCS,N,2005-2014
ZMB,2015,FALSE,CONS,.2437467,.303689,.6921385,.5997659,.34368798,.607931,.6640339,LCMS-VII,N,2010-2022
ZMB,2022,FALSE,CONS,.1626782,.2339835,.4513515,.3111347,.26849246,.6434197,.6579831,LCMS-VIII,N,2010-2022
ZWE,2017,FALSE,CONS,.0689323,.0310065,.3706222,.6763706,.22405361,.3440915,.3989789,PICES,N,2011-2019
ZWE,2019,FALSE,CONS,.0092701,.0598423,.3799479,.3828523,.19260145,.3975453,.4239793,PICES,N,2011-2019
